Row_ID,Product ID,Category,Sub-Category
1112,OFF-PA-10003424,Office Supplies,Paper
761,OFF-EN-10000461,Office Supplies,Envelopes
1225,OFF-EN-10000781,Office Supplies,Envelopes
594,OFF-EN-10001219,Office Supplies,Envelopes
320,OFF-EN-10001137,Office Supplies,Envelopes
1496,OFF-EN-10002312,Office Supplies,Envelopes
1375,OFF-EN-10004483,Office Supplies,Envelopes
37,OFF-EN-10002986,Office Supplies,Envelopes
1680,OFF-EN-10003068,Office Supplies,Envelopes
78,OFF-AP-10002118,Office Supplies,Appliances
1876,OFF-PA-10001583,Office Supplies,Paper
1036,OFF-AR-10002221,Office Supplies,Art
566,FUR-FU-10002759,Furniture,Furnishings
1724,OFF-PA-10004381,Office Supplies,Paper
354,OFF-ST-10000798,Office Supplies,Storage
1700,OFF-ST-10003805,Office Supplies,Storage
899,FUR-FU-10000076,Furniture,Furnishings
1229,OFF-AP-10002534,Office Supplies,Appliances
1499,FUR-FU-10003247,Furniture,Furnishings
1674,TEC-MA-10001047,Technology,Machines
1815,TEC-MA-10002073,Technology,Machines
347,FUR-FU-10001935,Furniture,Furnishings
411,OFF-AP-10002472,Office Supplies,Appliances
813,OFF-BI-10003669,Office Supplies,Binders
1636,FUR-FU-10001085,Furniture,Furnishings
1386,FUR-FU-10004665,Furniture,Furnishings
993,OFF-AP-10004980,Office Supplies,Appliances
626,OFF-BI-10004187,Office Supplies,Binders
1883,OFF-AR-10003477,Office Supplies,Art
183,OFF-AR-10003514,Office Supplies,Art
403,OFF-AR-10003156,Office Supplies,Art
75,FUR-FU-10000260,Furniture,Furnishings
94,FUR-FU-10000629,Furniture,Furnishings
299,TEC-PH-10003645,Technology,Phones
1514,TEC-PH-10002200,Technology,Phones
238,OFF-BI-10003460,Office Supplies,Binders
1264,OFF-AP-10000124,Office Supplies,Appliances
1572,OFF-AP-10001947,Office Supplies,Appliances
946,OFF-AP-10004859,Office Supplies,Appliances
1215,OFF-AP-10003281,Office Supplies,Appliances
168,OFF-AP-10002684,Office Supplies,Appliances
1606,OFF-FA-10001332,Office Supplies,Fasteners
1063,OFF-FA-10000992,Office Supplies,Fasteners
1135,OFF-BI-10001628,Office Supplies,Binders
413,OFF-BI-10001098,Office Supplies,Binders
1608,OFF-BI-10000494,Office Supplies,Binders
856,OFF-BI-10003350,Office Supplies,Binders
1548,OFF-BI-10000962,Office Supplies,Binders
995,OFF-BI-10003708,Office Supplies,Binders
1774,OFF-FA-10000089,Office Supplies,Fasteners
317,OFF-BI-10002160,Office Supplies,Binders
1336,OFF-FA-10000936,Office Supplies,Fasteners
1079,OFF-ST-10000352,Office Supplies,Storage
1028,OFF-ST-10004950,Office Supplies,Storage
726,OFF-ST-10001558,Office Supplies,Storage
739,OFF-BI-10001759,Office Supplies,Binders
32,OFF-BI-10001525,Office Supplies,Binders
702,OFF-BI-10003712,Office Supplies,Binders
541,OFF-BI-10000605,Office Supplies,Binders
62,OFF-BI-10001078,Office Supplies,Binders
642,OFF-BI-10001132,Office Supplies,Binders
983,OFF-BI-10000822,Office Supplies,Binders
1817,OFF-BI-10000279,Office Supplies,Binders
1594,OFF-SU-10000432,Office Supplies,Supplies
23,OFF-AP-10001492,Office Supplies,Appliances
1340,OFF-AP-10002403,Office Supplies,Appliances
1105,OFF-AP-10002495,Office Supplies,Appliances
763,OFF-BI-10004022,Office Supplies,Binders
611,OFF-BI-10000138,Office Supplies,Binders
933,OFF-BI-10004970,Office Supplies,Binders
871,OFF-BI-10002976,Office Supplies,Binders
1408,OFF-BI-10003196,Office Supplies,Binders
356,OFF-SU-10002573,Office Supplies,Supplies
688,OFF-SU-10002537,Office Supplies,Supplies
1872,OFF-SU-10004290,Office Supplies,Supplies
1755,OFF-SU-10004737,Office Supplies,Supplies
1069,OFF-SU-10001165,Office Supplies,Supplies
666,OFF-SU-10000381,Office Supplies,Supplies
1832,OFF-SU-10004884,Office Supplies,Supplies
1216,OFF-SU-10000898,Office Supplies,Supplies
1589,OFF-SU-10002522,Office Supplies,Supplies
1337,OFF-SU-10004768,Office Supplies,Supplies
1269,OFF-SU-10001664,Office Supplies,Supplies
681,OFF-SU-10002503,Office Supplies,Supplies
170,OFF-SU-10002189,Office Supplies,Supplies
1880,OFF-SU-10003936,Office Supplies,Supplies
603,OFF-SU-10004664,Office Supplies,Supplies
520,OFF-SU-10004115,Office Supplies,Supplies
563,OFF-SU-10004231,Office Supplies,Supplies
1800,OFF-SU-10004661,Office Supplies,Supplies
508,OFF-SU-10001574,Office Supplies,Supplies
1592,FUR-FU-10001731,Furniture,Furnishings
1426,OFF-PA-10003016,Office Supplies,Paper
322,OFF-PA-10002713,Office Supplies,Paper
163,OFF-PA-10000659,Office Supplies,Paper
568,OFF-PA-10002377,Office Supplies,Paper
1027,OFF-PA-10001838,Office Supplies,Paper
228,OFF-PA-10004082,Office Supplies,Paper
676,OFF-PA-10001560,Office Supplies,Paper
254,OFF-PA-10004470,Office Supplies,Paper
247,OFF-ST-10003208,Office Supplies,Storage
1596,OFF-ST-10001031,Office Supplies,Storage
204,TEC-PH-10002563,Technology,Phones
43,OFF-ST-10003282,Office Supplies,Storage
1455,FUR-FU-10001185,Furniture,Furnishings
1452,OFF-FA-10002763,Office Supplies,Fasteners
1421,OFF-PA-10004665,Office Supplies,Paper
498,FUR-FU-10004020,Furniture,Furnishings
1133,FUR-FU-10001591,Furniture,Furnishings
665,OFF-FA-10002280,Office Supplies,Fasteners
53,OFF-FA-10000304,Office Supplies,Fasteners
197,OFF-FA-10000134,Office Supplies,Fasteners
1444,OFF-ST-10000532,Office Supplies,Storage
460,OFF-ST-10004507,Office Supplies,Storage
265,OFF-FA-10002983,Office Supplies,Fasteners
490,OFF-FA-10004248,Office Supplies,Fasteners
561,OFF-EN-10002230,Office Supplies,Envelopes
1579,OFF-ST-10000321,Office Supplies,Storage
339,OFF-ST-10003327,Office Supplies,Storage
499,OFF-FA-10003467,Office Supplies,Fasteners
1492,OFF-FA-10002701,Office Supplies,Fasteners
1528,OFF-FA-10001883,Office Supplies,Fasteners
432,OFF-LA-10003923,Office Supplies,Labels
393,FUR-FU-10000246,Furniture,Furnishings
792,OFF-BI-10003707,Office Supplies,Binders
1723,TEC-AC-10002018,Technology,Accessories
375,OFF-AR-10001573,Office Supplies,Art
980,OFF-EN-10003001,Office Supplies,Envelopes
1359,OFF-EN-10002973,Office Supplies,Envelopes
841,OFF-PA-10000141,Office Supplies,Paper
251,OFF-PA-10002615,Office Supplies,Paper
918,OFF-PA-10002870,Office Supplies,Paper
708,OFF-PA-10001622,Office Supplies,Paper
1500,FUR-TA-10003837,Furniture,Tables
349,OFF-BI-10000050,Office Supplies,Binders
525,OFF-BI-10000848,Office Supplies,Binders
1370,TEC-PH-10000912,Technology,Phones
127,TEC-PH-10002293,Technology,Phones
142,TEC-PH-10001448,Technology,Phones
1451,TEC-PH-10003187,Technology,Phones
1246,TEC-AC-10003289,Technology,Accessories
707,TEC-AC-10000927,Technology,Accessories
1449,OFF-AP-10001242,Office Supplies,Appliances
1501,TEC-PH-10002350,Technology,Phones
1159,TEC-PH-10002885,Technology,Phones
842,TEC-PH-10001061,Technology,Phones
435,TEC-PH-10001363,Technology,Phones
1059,TEC-PH-10000169,Technology,Phones
1274,OFF-PA-10000551,Office Supplies,Paper
58,OFF-PA-10000587,Office Supplies,Paper
117,FUR-FU-10002157,Furniture,Furnishings
811,OFF-FA-10003059,Office Supplies,Fasteners
1743,OFF-PA-10000143,Office Supplies,Paper
290,TEC-PH-10002398,Technology,Phones
826,TEC-PH-10000576,Technology,Phones
1569,TEC-PH-10004120,Technology,Phones
1428,TEC-PH-10002890,Technology,Phones
304,TEC-PH-10004614,Technology,Phones
1436,TEC-PH-10004531,Technology,Phones
1140,TEC-PH-10001615,Technology,Phones
54,TEC-PH-10002447,Technology,Phones
1438,TEC-PH-10002075,Technology,Phones
511,TEC-PH-10000586,Technology,Phones
174,TEC-PH-10003273,Technology,Phones
1424,TEC-PH-10003601,Technology,Phones
1571,TEC-MA-10002859,Technology,Machines
821,TEC-MA-10003979,Technology,Machines
1288,FUR-BO-10002202,Furniture,Bookcases
38,FUR-BO-10002545,Furniture,Bookcases
180,FUR-BO-10002613,Furniture,Bookcases
796,FUR-BO-10001811,Furniture,Bookcases
1754,OFF-AP-10000938,Office Supplies,Appliances
1118,OFF-AP-10000828,Office Supplies,Appliances
1203,TEC-PH-10001198,Technology,Phones
1820,TEC-PH-10004080,Technology,Phones
151,TEC-PH-10004536,Technology,Phones
1219,TEC-PH-10002352,Technology,Phones
1597,OFF-LA-10000476,Office Supplies,Labels
872,OFF-BI-10003694,Office Supplies,Binders
586,OFF-LA-10003510,Office Supplies,Labels
493,OFF-LA-10001297,Office Supplies,Labels
1197,OFF-LA-10003190,Office Supplies,Labels
1792,OFF-LA-10003498,Office Supplies,Labels
623,OFF-LA-10004484,Office Supplies,Labels
942,OFF-LA-10001474,Office Supplies,Labels
1134,OFF-LA-10002034,Office Supplies,Labels
1829,OFF-LA-10002368,Office Supplies,Labels
927,OFF-LA-10000121,Office Supplies,Labels
552,OFF-LA-10002787,Office Supplies,Labels
1048,OFF-LA-10002195,Office Supplies,Labels
694,OFF-LA-10004272,Office Supplies,Labels
696,OFF-LA-10004853,Office Supplies,Labels
1849,OFF-LA-10002473,Office Supplies,Labels
50,OFF-LA-10002762,Office Supplies,Labels
682,OFF-LA-10004093,Office Supplies,Labels
1675,OFF-LA-10003720,Office Supplies,Labels
823,OFF-LA-10000452,Office Supplies,Labels
256,OFF-LA-10002043,Office Supplies,Labels
1380,OFF-LA-10004559,Office Supplies,Labels
585,OFF-LA-10002312,Office Supplies,Labels
1751,OFF-LA-10004178,Office Supplies,Labels
1595,OFF-LA-10004409,Office Supplies,Labels
527,OFF-LA-10004345,Office Supplies,Labels
957,OFF-LA-10000262,Office Supplies,Labels
1758,OFF-LA-10000305,Office Supplies,Labels
1361,OFF-LA-10000081,Office Supplies,Labels
1109,OFF-LA-10002381,Office Supplies,Labels
1405,OFF-LA-10003663,Office Supplies,Labels
645,OFF-LA-10001569,Office Supplies,Labels
1703,OFF-LA-10003388,Office Supplies,Labels
1368,OFF-LA-10004545,Office Supplies,Labels
1111,OFF-LA-10003077,Office Supplies,Labels
1150,OFF-LA-10000443,Office Supplies,Labels
847,OFF-LA-10000973,Office Supplies,Labels
1683,OFF-LA-10000414,Office Supplies,Labels
200,OFF-LA-10004544,Office Supplies,Labels
1018,OFF-LA-10003121,Office Supplies,Labels
1251,OFF-LA-10004008,Office Supplies,Labels
613,OFF-LA-10003223,Office Supplies,Labels
288,OFF-LA-10000634,Office Supplies,Labels
167,OFF-LA-10003148,Office Supplies,Labels
1182,OFF-LA-10003714,Office Supplies,Labels
86,OFF-LA-10000134,Office Supplies,Labels
266,OFF-LA-10004689,Office Supplies,Labels
1151,OFF-LA-10001771,Office Supplies,Labels
789,OFF-LA-10001175,Office Supplies,Labels
1613,OFF-LA-10003537,Office Supplies,Labels
579,OFF-LA-10001934,Office Supplies,Labels
941,OFF-LA-10001404,Office Supplies,Labels
1052,OFF-LA-10001641,Office Supplies,Labels
150,OFF-LA-10002475,Office Supplies,Labels
1249,OFF-LA-10000248,Office Supplies,Labels
398,OFF-LA-10001317,Office Supplies,Labels
324,OFF-LA-10001158,Office Supplies,Labels
928,OFF-BI-10002026,Office Supplies,Binders
1075,OFF-BI-10000591,Office Supplies,Binders
69,OFF-BI-10004654,Office Supplies,Binders
620,OFF-BI-10000546,Office Supplies,Binders
110,OFF-BI-10003981,Office Supplies,Binders
560,OFF-BI-10002827,Office Supplies,Binders
747,OFF-BI-10004465,Office Supplies,Binders
814,OFF-BI-10003727,Office Supplies,Binders
123,OFF-BI-10003274,Office Supplies,Binders
751,OFF-LA-10001613,Office Supplies,Labels
1422,OFF-BI-10001196,Office Supplies,Binders
1431,OFF-AR-10003183,Office Supplies,Art
1241,OFF-BI-10002571,Office Supplies,Binders
576,OFF-BI-10003305,Office Supplies,Binders
79,OFF-BI-10002309,Office Supplies,Binders
1217,OFF-BI-10001249,Office Supplies,Binders
99,OFF-BI-10002609,Office Supplies,Binders
1580,OFF-AR-10001149,Office Supplies,Art
361,OFF-AR-10003478,Office Supplies,Art
1184,OFF-AR-10003723,Office Supplies,Art
1760,OFF-AR-10003876,Office Supplies,Art
1871,OFF-AR-10003986,Office Supplies,Art
1691,OFF-AR-10001761,Office Supplies,Art
806,OFF-BI-10001097,Office Supplies,Binders
1819,OFF-BI-10004308,Office Supplies,Binders
1570,OFF-BI-10003476,Office Supplies,Binders
309,OFF-BI-10004140,Office Supplies,Binders
1383,OFF-BI-10000829,Office Supplies,Binders
961,OFF-BI-10000136,Office Supplies,Binders
97,OFF-PA-10003256,Office Supplies,Paper
177,OFF-BI-10001890,Office Supplies,Binders
278,OFF-BI-10002706,Office Supplies,Binders
485,OFF-BI-10000404,Office Supplies,Binders
28,OFF-BI-10000474,Office Supplies,Binders
930,OFF-BI-10002813,Office Supplies,Binders
805,OFF-BI-10003529,Office Supplies,Binders
1295,OFF-BI-10002982,Office Supplies,Binders
741,OFF-BI-10002931,Office Supplies,Binders
103,OFF-BI-10002794,Office Supplies,Binders
1727,OFF-BI-10000201,Office Supplies,Binders
1530,OFF-LA-10000407,Office Supplies,Labels
947,OFF-PA-10002659,Office Supplies,Paper
1161,TEC-MA-10000488,Technology,Machines
244,OFF-FA-10003472,Office Supplies,Fasteners
441,FUR-TA-10001857,Furniture,Tables
1313,FUR-TA-10001950,Furniture,Tables
1609,FUR-TA-10003469,Furniture,Tables
1773,OFF-AR-10000614,Office Supplies,Art
1551,FUR-TA-10004152,Furniture,Tables
1756,FUR-TA-10001691,Furniture,Tables
1787,OFF-ST-10003994,Office Supplies,Storage
234,OFF-ST-10004804,Office Supplies,Storage
864,OFF-AP-10000576,Office Supplies,Appliances
1323,OFF-AP-10001205,Office Supplies,Appliances
939,OFF-AP-10003971,Office Supplies,Appliances
649,OFF-AP-10000576,Office Supplies,Appliances
144,OFF-AP-10000326,Office Supplies,Appliances
1836,OFF-AP-10003278,Office Supplies,Appliances
1377,OFF-AP-10001293,Office Supplies,Appliances
817,OFF-AP-10002191,Office Supplies,Appliances
323,OFF-AP-10001124,Office Supplies,Appliances
1739,OFF-AP-10002670,Office Supplies,Appliances
10,OFF-AP-10002892,Office Supplies,Appliances
1058,TEC-AC-10003280,Technology,Accessories
656,OFF-AP-10000240,Office Supplies,Appliances
556,OFF-AP-10002350,Office Supplies,Appliances
1448,OFF-AP-10000159,Office Supplies,Appliances
798,OFF-AP-10000055,Office Supplies,Appliances
405,TEC-PH-10002365,Technology,Phones
617,TEC-PH-10000004,Technology,Phones
1042,OFF-ST-10003324,Office Supplies,Storage
540,OFF-AP-10001563,Office Supplies,Appliances
389,TEC-AC-10002600,Technology,Accessories
1262,TEC-PH-10000923,Technology,Phones
1218,TEC-AC-10002718,Technology,Accessories
1403,OFF-AR-10003727,Office Supplies,Art
907,FUR-BO-10004467,Furniture,Bookcases
211,FUR-TA-10003748,Furniture,Tables
122,FUR-TA-10004534,Furniture,Tables
742,FUR-TA-10002356,Furniture,Tables
981,FUR-TA-10002958,Furniture,Tables
1358,FUR-TA-10000849,Furniture,Tables
259,FUR-TA-10002903,Furniture,Tables
1308,FUR-TA-10001866,Furniture,Tables
1224,FUR-TA-10002855,Furniture,Tables
365,FUR-TA-10002041,Furniture,Tables
373,FUR-CH-10004886,Furniture,Chairs
607,FUR-TA-10002228,Furniture,Tables
1210,OFF-AR-10004582,Office Supplies,Art
759,OFF-AR-10000034,Office Supplies,Art
156,OFF-AR-10004441,Office Supplies,Art
315,OFF-AR-10001374,Office Supplies,Art
932,OFF-AR-10001860,Office Supplies,Art
1095,OFF-FA-10000611,Office Supplies,Fasteners
1223,OFF-BI-10002393,Office Supplies,Binders
711,OFF-BI-10003364,Office Supplies,Binders
184,OFF-AR-10004685,Office Supplies,Art
587,OFF-AR-10001118,Office Supplies,Art
1562,OFF-AR-10000657,Office Supplies,Art
185,OFF-AR-10004027,Office Supplies,Art
1633,OFF-AR-10004165,Office Supplies,Art
1311,OFF-AP-10004036,Office Supplies,Appliances
595,OFF-AP-10001154,Office Supplies,Appliances
1640,OFF-AP-10001962,Office Supplies,Appliances
1845,OFF-BI-10002897,Office Supplies,Binders
1781,OFF-PA-10003036,Office Supplies,Paper
1362,OFF-PA-10000726,Office Supplies,Paper
1439,TEC-PH-10003691,Technology,Phones
1137,OFF-AR-10004752,Office Supplies,Art
938,TEC-PH-10003437,Technology,Phones
897,OFF-EN-10003055,Office Supplies,Envelopes
1529,TEC-PH-10001644,Technology,Phones
258,TEC-PH-10001760,Technology,Phones
402,OFF-AR-10001953,Office Supplies,Art
956,OFF-AR-10000411,Office Supplies,Art
1472,OFF-AR-10003772,Office Supplies,Art
1791,OFF-AR-10000914,Office Supplies,Art
672,OFF-AR-10002956,Office Supplies,Art
1412,OFF-AR-10004691,Office Supplies,Art
1524,OFF-AR-10004260,Office Supplies,Art
1671,OFF-AR-10004587,Office Supplies,Art
1642,OFF-AR-10002704,Office Supplies,Art
632,OFF-AR-10004648,Office Supplies,Art
1494,OFF-AR-10003582,Office Supplies,Art
283,OFF-AR-10002135,Office Supplies,Art
1585,OFF-AR-10001725,Office Supplies,Art
1254,OFF-AR-10004602,Office Supplies,Art
1282,OFF-AR-10000538,Office Supplies,Art
31,OFF-AR-10004042,Office Supplies,Art
1072,OFF-AR-10001044,Office Supplies,Art
292,OFF-AR-10003373,Office Supplies,Art
190,FUR-TA-10004289,Furniture,Tables
279,FUR-TA-10002533,Furniture,Tables
191,OFF-AP-10003622,Office Supplies,Appliances
494,FUR-TA-10004256,Furniture,Tables
4,FUR-TA-10000577,Furniture,Tables
1399,FUR-TA-10003569,Furniture,Tables
217,FUR-TA-10003473,Furniture,Tables
1090,OFF-FA-10001135,Office Supplies,Fasteners
858,TEC-CO-10004202,Technology,Copiers
1848,TEC-MA-10000904,Technology,Machines
624,OFF-EN-10001532,Office Supplies,Envelopes
764,OFF-AR-10001988,Office Supplies,Art
372,OFF-AR-10004344,Office Supplies,Art
414,FUR-TA-10001889,Furniture,Tables
216,FUR-TA-10001705,Furniture,Tables
580,FUR-BO-10004015,Furniture,Bookcases
985,FUR-TA-10002622,Furniture,Tables
1568,FUR-BO-10000112,Furniture,Bookcases
1508,FUR-BO-10003660,Furniture,Bookcases
1775,FUR-TA-10001771,Furniture,Tables
1629,FUR-BO-10004218,Furniture,Bookcases
418,FUR-BO-10002824,Furniture,Bookcases
840,FUR-BO-10002206,Furniture,Bookcases
1,FUR-BO-10001798,Furniture,Bookcases
1385,FUR-BO-10003450,Furniture,Bookcases
1863,FUR-BO-10001567,Furniture,Bookcases
719,FUR-BO-10003441,Furniture,Bookcases
268,FUR-BO-10004709,Furniture,Bookcases
639,OFF-EN-10000056,Office Supplies,Envelopes
390,TEC-MA-10002937,Technology,Machines
459,TEC-CO-10003236,Technology,Copiers
1406,TEC-CO-10004722,Technology,Copiers
898,TEC-CO-10001046,Technology,Copiers
294,TEC-MA-10002927,Technology,Machines
1307,TEC-CO-10003763,Technology,Copiers
351,TEC-CO-10002313,Technology,Copiers
1644,TEC-MA-10001016,Technology,Machines
1715,TEC-CO-10001943,Technology,Copiers
1088,TEC-CO-10001766,Technology,Copiers
996,OFF-BI-10001191,Office Supplies,Binders
630,OFF-BI-10001036,Office Supplies,Binders
597,OFF-BI-10003355,Office Supplies,Binders
419,OFF-BI-10002194,Office Supplies,Binders
1360,OFF-BI-10003963,Office Supplies,Binders
866,OFF-BI-10003429,Office Supplies,Binders
477,OFF-BI-10004528,Office Supplies,Binders
535,OFF-BI-10002103,Office Supplies,Binders
851,OFF-BI-10002072,Office Supplies,Binders
1789,FUR-FU-10004245,Furniture,Furnishings
879,OFF-ST-10002344,Office Supplies,Storage
463,OFF-ST-10000736,Office Supplies,Storage
894,OFF-ST-10001418,Office Supplies,Storage
1459,OFF-ST-10001128,Office Supplies,Storage
968,TEC-AC-10001314,Technology,Accessories
1091,OFF-BI-10004224,Office Supplies,Binders
1839,TEC-AC-10004420,Technology,Accessories
862,FUR-TA-10001932,Furniture,Tables
1270,FUR-TA-10003238,Furniture,Tables
600,FUR-TA-10000198,Furniture,Tables
567,FUR-TA-10000688,Furniture,Tables
11,FUR-TA-10001539,Furniture,Tables
622,FUR-TA-10001095,Furniture,Tables
1891,TEC-MA-10003589,Technology,Machines
529,TEC-PH-10004667,Technology,Phones
202,TEC-MA-10000864,Technology,Machines
955,TEC-MA-10002178,Technology,Machines
1667,TEC-MA-10001570,Technology,Machines
1025,TEC-PH-10003580,Technology,Phones
1651,TEC-PH-10004434,Technology,Phones
241,TEC-PH-10001433,Technology,Phones
20,TEC-PH-10001949,Technology,Phones
1202,TEC-PH-10004345,Technology,Phones
1536,TEC-PH-10004912,Technology,Phones
500,TEC-PH-10002496,Technology,Phones
788,TEC-PH-10003885,Technology,Phones
782,TEC-MA-10004212,Technology,Machines
427,TEC-PH-10000149,Technology,Phones
1430,TEC-MA-10002412,Technology,Machines
644,TEC-PH-10001530,Technology,Phones
671,TEC-PH-10002085,Technology,Phones
1172,TEC-PH-10004959,Technology,Phones
443,OFF-BI-10002498,Office Supplies,Binders
653,TEC-PH-10001795,Technology,Phones
564,TEC-PH-10004042,Technology,Phones
1342,TEC-PH-10000141,Technology,Phones
605,TEC-PH-10002170,Technology,Phones
867,FUR-FU-10004952,Furniture,Furnishings
285,FUR-FU-10001918,Furniture,Furnishings
633,FUR-FU-10002597,Furniture,Furnishings
49,OFF-BI-10004410,Office Supplies,Binders
1537,OFF-AR-10000799,Office Supplies,Art
752,OFF-LA-10004055,Office Supplies,Labels
439,OFF-EN-10003845,Office Supplies,Envelopes
1099,OFF-FA-10002676,Office Supplies,Fasteners
381,FUR-FU-10003347,Furniture,Furnishings
931,OFF-AR-10004817,Office Supplies,Art
1044,OFF-AP-10001626,Office Supplies,Appliances
1440,OFF-SU-10000157,Office Supplies,Supplies
118,OFF-ST-10000777,Office Supplies,Storage
1354,OFF-BI-10003784,Office Supplies,Binders
754,OFF-PA-10001281,Office Supplies,Paper
1248,OFF-PA-10001295,Office Supplies,Paper
1435,FUR-FU-10001876,Furniture,Furnishings
1061,OFF-AP-10004336,Office Supplies,Appliances
1814,FUR-FU-10003489,Furniture,Furnishings
1389,FUR-FU-10004909,Furniture,Furnishings
358,OFF-ST-10000934,Office Supplies,Storage
509,FUR-FU-10001475,Furniture,Furnishings
137,OFF-EN-10004030,Office Supplies,Envelopes
379,OFF-ST-10000918,Office Supplies,Storage
860,OFF-AR-10003759,Office Supplies,Art
348,OFF-AR-10004757,Office Supplies,Art
1519,TEC-MA-10000418,Technology,Machines
578,TEC-MA-10004125,Technology,Machines
505,TEC-PH-10000347,Technology,Phones
787,TEC-PH-10000148,Technology,Phones
1165,FUR-FU-10001986,Furniture,Furnishings
519,FUR-FU-10001979,Furniture,Furnishings
1465,FUR-FU-10001546,Furniture,Furnishings
1263,FUR-FU-10003623,Furniture,Furnishings
756,FUR-FU-10001095,Furniture,Furnishings
1194,FUR-FU-10001037,Furniture,Furnishings
704,FUR-FU-10001424,Furniture,Furnishings
1495,FUR-FU-10004666,Furniture,Furnishings
1731,FUR-FU-10002813,Furniture,Furnishings
1626,FUR-FU-10002396,Furniture,Furnishings
1148,FUR-FU-10001196,Furniture,Furnishings
1713,FUR-FU-10000719,Furniture,Furnishings
990,FUR-FU-10003976,Furniture,Furnishings
531,FUR-FU-10003849,Furniture,Furnishings
1103,FUR-FU-10000758,Furniture,Furnishings
1339,FUR-FU-10004848,Furniture,Furnishings
1482,FUR-FU-10002445,Furniture,Furnishings
1681,FUR-FU-10004053,Furniture,Furnishings
532,FUR-FU-10000010,Furniture,Furnishings
1011,FUR-FU-10001473,Furniture,Furnishings
1677,FUR-FU-10000175,Furniture,Furnishings
186,OFF-ST-10001414,Office Supplies,Storage
424,OFF-ST-10001321,Office Supplies,Storage
1838,FUR-FU-10000277,Furniture,Furnishings
102,FUR-FU-10004006,Furniture,Furnishings
1733,FUR-FU-10004845,Furniture,Furnishings
484,FUR-FU-10000723,Furniture,Furnishings
1306,FUR-FU-10000308,Furniture,Furnishings
445,FUR-FU-10000073,Furniture,Furnishings
743,FUR-FU-10003601,Furniture,Furnishings
289,FUR-FU-10001588,Furniture,Furnishings
1388,TEC-AC-10001590,Technology,Accessories
690,OFF-AR-10003752,Office Supplies,Art
716,OFF-BI-10001510,Office Supplies,Binders
406,OFF-ST-10000142,Office Supplies,Storage
384,OFF-AR-10000369,Office Supplies,Art
1822,OFF-ST-10004946,Office Supplies,Storage
1746,TEC-PH-10004522,Technology,Phones
966,TEC-PH-10001336,Technology,Phones
1540,OFF-AP-10000595,Office Supplies,Appliances
634,OFF-AR-10003405,Office Supplies,Art
685,OFF-AR-10002335,Office Supplies,Art
321,OFF-AR-10002399,Office Supplies,Art
1610,OFF-AR-10003179,Office Supplies,Art
1866,OFF-AR-10000937,Office Supplies,Art
803,OFF-AR-10000716,Office Supplies,Art
1064,OFF-AR-10001221,Office Supplies,Art
1335,OFF-AR-10000315,Office Supplies,Art
1730,OFF-AR-10002467,Office Supplies,Art
293,FUR-CH-10002602,Furniture,Chairs
1260,FUR-BO-10002213,Furniture,Bookcases
1710,FUR-FU-10002508,Furniture,Furnishings
513,OFF-LA-10003930,Office Supplies,Labels
1469,OFF-ST-10002615,Office Supplies,Storage
1490,OFF-BI-10003655,Office Supplies,Binders
9,OFF-BI-10003910,Office Supplies,Binders
1131,OFF-BI-10001900,Office Supplies,Binders
967,TEC-MA-10003183,Technology,Machines
34,OFF-PA-10000249,Office Supplies,Paper
260,OFF-PA-10000474,Office Supplies,Paper
818,OFF-PA-10000349,Office Supplies,Paper
820,OFF-PA-10003127,Office Supplies,Paper
893,OFF-PA-10001685,Office Supplies,Paper
1126,OFF-PA-10004947,Office Supplies,Paper
1682,OFF-PA-10000565,Office Supplies,Paper
1742,OFF-PA-10002764,Office Supplies,Paper
420,OFF-PA-10004071,Office Supplies,Paper
1473,OFF-AR-10003338,Office Supplies,Art
1624,OFF-AR-10001770,Office Supplies,Art
74,OFF-BI-10004182,Office Supplies,Binders
551,OFF-ST-10000585,Office Supplies,Storage
1762,OFF-PA-10003063,Office Supplies,Paper
1625,FUR-FU-10004904,Furniture,Furnishings
226,FUR-FU-10002505,Furniture,Furnishings
550,FUR-FU-10000732,Furniture,Furnishings
979,FUR-FU-10004091,Furniture,Furnishings
193,FUR-FU-10002960,Furniture,Furnishings
1468,FUR-FU-10000771,Furniture,Furnishings
1620,FUR-FU-10004164,Furniture,Furnishings
1477,FUR-FU-10004963,Furniture,Furnishings
1761,FUR-FU-10004864,Furniture,Furnishings
791,FUR-FU-10003975,Furniture,Furnishings
804,FUR-FU-10004622,Furniture,Furnishings
800,FUR-FU-10000293,Furniture,Furnishings
42,OFF-ST-10003479,Office Supplies,Storage
1294,FUR-FU-10004597,Furniture,Furnishings
126,FUR-FU-10003773,Furniture,Furnishings
271,FUR-FU-10002918,Furniture,Furnishings
774,FUR-FU-10001602,Furniture,Furnishings
1505,FUR-FU-10002379,Furniture,Furnishings
1558,FUR-FU-10003919,Furniture,Furnishings
1281,FUR-FU-10001473,Furniture,Furnishings
77,FUR-FU-10003194,Furniture,Furnishings
287,FUR-FU-10001756,Furniture,Furnishings
1486,FUR-FU-10000755,Furniture,Furnishings
1461,FUR-FU-10003832,Furniture,Furnishings
890,FUR-FU-10001867,Furniture,Furnishings
6,FUR-FU-10001487,Furniture,Furnishings
1639,FUR-FU-10003731,Furniture,Furnishings
1268,FUR-FU-10002364,Furniture,Furnishings
1601,OFF-ST-10001034,Office Supplies,Storage
5,OFF-ST-10000760,Office Supplies,Storage
469,OFF-ST-10004963,Office Supplies,Storage
1396,FUR-FU-10001847,Furniture,Furnishings
1016,FUR-FU-10004270,Furniture,Furnishings
1750,FUR-FU-10001025,Furniture,Furnishings
901,FUR-FU-10003691,Furniture,Furnishings
1894,OFF-ST-10001627,Office Supplies,Storage
395,OFF-ST-10003058,Office Supplies,Storage
1364,FUR-FU-10002107,Furniture,Furnishings
87,OFF-ST-10003442,Office Supplies,Storage
1231,OFF-ST-10000943,Office Supplies,Storage
900,FUR-FU-10003268,Furniture,Furnishings
1600,FUR-FU-10003026,Furniture,Furnishings
859,FUR-FU-10001852,Furniture,Furnishings
706,OFF-ST-10002486,Office Supplies,Storage
255,OFF-ST-10000876,Office Supplies,Storage
1227,OFF-AR-10002257,Office Supplies,Art
651,FUR-FU-10000794,Furniture,Furnishings
327,FUR-FU-10000023,Furniture,Furnishings
1045,FUR-FU-10003981,Furniture,Furnishings
280,FUR-FU-10002671,Furniture,Furnishings
36,FUR-FU-10003664,Furniture,Furnishings
1850,FUR-FU-10003374,Furniture,Furnishings
628,FUR-FU-10004306,Furniture,Furnishings
1153,FUR-FU-10002553,Furniture,Furnishings
1593,OFF-SU-10004782,Office Supplies,Supplies
1457,OFF-PA-10002421,Office Supplies,Paper
776,TEC-AC-10003198,Technology,Accessories
480,TEC-AC-10001432,Technology,Accessories
1207,TEC-AC-10001284,Technology,Accessories
1489,TEC-MA-10004521,Technology,Machines
1407,TEC-MA-10002210,Technology,Machines
383,TEC-MA-10000029,Technology,Machines
239,OFF-AP-10002203,Office Supplies,Appliances
1892,OFF-AP-10003099,Office Supplies,Appliances
943,OFF-PA-10003072,Office Supplies,Paper
192,OFF-AP-10003217,Office Supplies,Appliances
1312,OFF-AP-10002287,Office Supplies,Appliances
478,OFF-AP-10001271,Office Supplies,Appliances
1332,OFF-AP-10004540,Office Supplies,Appliances
554,OFF-AP-10002457,Office Supplies,Appliances
1741,OFF-AP-10000390,Office Supplies,Appliances
1284,OFF-AP-10003842,Office Supplies,Appliances
1552,FUR-FU-10000672,Furniture,Furnishings
1398,FUR-FU-10004671,Furniture,Furnishings
1615,FUR-FU-10004017,Furniture,Furnishings
1413,FUR-FU-10004270,Furniture,Furnishings
1476,FUR-FU-10002685,Furniture,Furnishings
1397,FUR-FU-10002045,Furniture,Furnishings
648,FUR-FU-10004090,Furniture,Furnishings
1867,FUR-FU-10002030,Furniture,Furnishings
207,FUR-FU-10000087,Furniture,Furnishings
1864,FUR-FU-10001379,Furniture,Furnishings
1174,FUR-FU-10001617,Furniture,Furnishings
455,FUR-FU-10001290,Furniture,Furnishings
284,OFF-AR-10002804,Office Supplies,Art
905,OFF-EN-10004955,Office Supplies,Envelopes
592,OFF-AP-10001469,Office Supplies,Appliances
737,OFF-AP-10003040,Office Supplies,Appliances
1120,OFF-AP-10003860,Office Supplies,Appliances
1289,OFF-AP-10002765,Office Supplies,Appliances
401,OFF-ST-10001469,Office Supplies,Storage
394,OFF-ST-10000060,Office Supplies,Storage
919,OFF-ST-10000563,Office Supplies,Storage
1305,OFF-ST-10003123,Office Supplies,Storage
96,OFF-AP-10000358,Office Supplies,Appliances
679,OFF-BI-10001294,Office Supplies,Binders
705,OFF-BI-10002071,Office Supplies,Binders
1549,OFF-AP-10002867,Office Supplies,Appliances
1706,OFF-ST-10000885,Office Supplies,Storage
895,OFF-ST-10000676,Office Supplies,Storage
724,OFF-ST-10003816,Office Supplies,Storage
1278,OFF-AP-10000692,Office Supplies,Appliances
828,OFF-ST-10004340,Office Supplies,Storage
577,OFF-ST-10002583,Office Supplies,Storage
438,OFF-ST-10001809,Office Supplies,Storage
14,OFF-BI-10003656,Office Supplies,Binders
766,OFF-BI-10003925,Office Supplies,Binders
454,OFF-BI-10003527,Office Supplies,Binders
232,OFF-ST-10001228,Office Supplies,Storage
1542,TEC-MA-10002428,Technology,Machines
417,OFF-AP-10002578,Office Supplies,Appliances
948,OFF-BI-10004139,Office Supplies,Binders
1695,OFF-ST-10000129,Office Supplies,Storage
669,OFF-AP-10003884,Office Supplies,Appliances
1690,OFF-ST-10001932,Office Supplies,Storage
627,OFF-ST-10000025,Office Supplies,Storage
429,OFF-ST-10000689,Office Supplies,Storage
18,OFF-ST-10000107,Office Supplies,Storage
772,OFF-ST-10000046,Office Supplies,Storage
518,OFF-AP-10004708,Office Supplies,Appliances
1243,OFF-BI-10004209,Office Supplies,Binders
332,OFF-ST-10002205,Office Supplies,Storage
300,OFF-ST-10000675,Office Supplies,Storage
557,TEC-AC-10001142,Technology,Accessories
1812,TEC-AC-10004595,Technology,Accessories
616,OFF-SU-10004261,Office Supplies,Supplies
1293,OFF-SU-10000952,Office Supplies,Supplies
135,OFF-SU-10001218,Office Supplies,Supplies
1369,OFF-SU-10002557,Office Supplies,Supplies
1166,FUR-FU-10004973,Furniture,Furnishings
93,OFF-BI-10004738,Office Supplies,Binders
277,FUR-FU-10001861,Furniture,Furnishings
709,OFF-AR-10003158,Office Supplies,Art
777,FUR-FU-10002191,Furniture,Furnishings
1516,FUR-FU-10004586,Furniture,Furnishings
935,OFF-BI-10004632,Office Supplies,Binders
282,OFF-BI-10001072,Office Supplies,Binders
1189,OFF-BI-10004390,Office Supplies,Binders
116,OFF-BI-10003650,Office Supplies,Binders
904,OFF-BI-10004519,Office Supplies,Binders
318,OFF-BI-10004995,Office Supplies,Binders
1253,OFF-BI-10001718,Office Supplies,Binders
1199,OFF-BI-10003091,Office Supplies,Binders
1187,OFF-BI-10001359,Office Supplies,Binders
618,OFF-BI-10003638,Office Supplies,Binders
698,OFF-BI-10000545,Office Supplies,Binders
1055,OFF-BI-10000088,Office Supplies,Binders
215,OFF-BI-10001679,Office Supplies,Binders
631,OFF-BI-10000301,Office Supplies,Binders
1414,OFF-BI-10000948,Office Supplies,Binders
588,OFF-BI-10001575,Office Supplies,Binders
1235,OFF-BI-10004817,Office Supplies,Binders
784,OFF-BI-10000320,Office Supplies,Binders
1446,OFF-BI-10003166,Office Supplies,Binders
1623,OFF-BI-10004828,Office Supplies,Binders
303,OFF-BI-10001524,Office Supplies,Binders
1418,OFF-BI-10004233,Office Supplies,Binders
496,OFF-BI-10000069,Office Supplies,Binders
143,OFF-BI-10002735,Office Supplies,Binders
385,OFF-BI-10004584,Office Supplies,Binders
675,OFF-BI-10001071,Office Supplies,Binders
1106,OFF-BI-10002414,Office Supplies,Binders
661,OFF-BI-10004230,Office Supplies,Binders
989,OFF-BI-10002867,Office Supplies,Binders
829,OFF-BI-10004001,Office Supplies,Binders
614,OFF-BI-10004094,Office Supplies,Binders
1392,OFF-BI-10001308,Office Supplies,Binders
835,OFF-BI-10003676,Office Supplies,Binders
447,OFF-BI-10001658,Office Supplies,Binders
1709,OFF-BI-10003718,Office Supplies,Binders
1208,OFF-BI-10002082,Office Supplies,Binders
340,OFF-BI-10000309,Office Supplies,Binders
1098,OFF-BI-10002353,Office Supplies,Binders
812,OFF-BI-10004330,Office Supplies,Binders
263,OFF-BI-10000778,Office Supplies,Binders
382,OFF-BI-10001543,Office Supplies,Binders
1767,OFF-BI-10004099,Office Supplies,Binders
502,OFF-BI-10001107,Office Supplies,Binders
1355,OFF-BI-10001617,Office Supplies,Binders
134,OFF-BI-10004781,Office Supplies,Binders
522,TEC-PH-10003963,Technology,Phones
1144,TEC-PH-10000455,Technology,Phones
35,TEC-PH-10004977,Technology,Phones
1462,FUR-FU-10000409,Furniture,Furnishings
1081,FUR-FU-10002937,Furniture,Furnishings
892,TEC-PH-10000439,Technology,Phones
399,FUR-FU-10000206,Furniture,Furnishings
1394,FUR-FU-10004587,Furniture,Furnishings
720,TEC-PH-10004774,Technology,Phones
926,TEC-PH-10003505,Technology,Phones
870,OFF-PA-10002259,Office Supplies,Paper
1417,FUR-BO-10003404,Furniture,Bookcases
1688,FUR-TA-10003392,Furniture,Tables
668,FUR-CH-10000665,Furniture,Chairs
1557,FUR-CH-10003535,Furniture,Chairs
885,FUR-CH-10004540,Furniture,Chairs
781,FUR-CH-10000309,Furniture,Chairs
1191,FUR-CH-10000155,Furniture,Chairs
468,FUR-CH-10003379,Furniture,Chairs
1200,FUR-CH-10003981,Furniture,Chairs
121,FUR-CH-10004063,Furniture,Chairs
1366,FUR-CH-10001190,Furniture,Chairs
270,FUR-CH-10001891,Furniture,Chairs
24,FUR-CH-10002774,Furniture,Chairs
392,FUR-CH-10003396,Furniture,Chairs
1659,FUR-CH-10000229,Furniture,Chairs
1884,FUR-CH-10002317,Furniture,Chairs
325,FUR-CH-10000785,Furniture,Chairs
1013,FUR-CH-10000847,Furniture,Chairs
39,FUR-CH-10004218,Furniture,Chairs
408,FUR-CH-10000225,Furniture,Chairs
1475,FUR-CH-10000422,Furniture,Chairs
819,FUR-CH-10002880,Furniture,Chairs
1420,FUR-CH-10003761,Furniture,Chairs
1333,FUR-CH-10001714,Furniture,Chairs
1518,FUR-CH-10004495,Furniture,Chairs
660,FUR-CH-10001394,Furniture,Chairs
230,FUR-CH-10002965,Furniture,Chairs
52,FUR-CH-10003061,Furniture,Chairs
213,FUR-CH-10004860,Furniture,Chairs
536,FUR-CH-10004853,Furniture,Chairs
214,FUR-CH-10004477,Furniture,Chairs
1155,FUR-CH-10004754,Furniture,Chairs
799,FUR-CH-10002304,Furniture,Chairs
1002,FUR-CH-10004289,Furniture,Chairs
125,FUR-CH-10001146,Furniture,Chairs
448,FUR-CH-10001215,Furniture,Chairs
65,FUR-CH-10001146,Furniture,Chairs
165,FUR-CH-10003817,Furniture,Chairs
1220,FUR-CH-10003774,Furniture,Chairs
119,OFF-EN-10002500,Office Supplies,Envelopes
1419,TEC-PH-10002834,Technology,Phones
198,OFF-ST-10001522,Office Supplies,Storage
46,OFF-ST-10001713,Office Supplies,Storage
534,TEC-PH-10002538,Technology,Phones
1092,TEC-PH-10003357,Technology,Phones
461,OFF-PA-10001667,Office Supplies,Paper
1416,OFF-PA-10000062,Office Supplies,Paper
1664,OFF-BI-10003876,Office Supplies,Binders
1795,TEC-PH-10004100,Technology,Phones
1837,TEC-PH-10002070,Technology,Phones
1887,OFF-EN-10001535,Office Supplies,Envelopes
881,FUR-CH-10003973,Furniture,Chairs
1661,OFF-PA-10004022,Office Supplies,Paper
1401,OFF-PA-10001752,Office Supplies,Paper
1193,FUR-FU-10004093,Furniture,Furnishings
962,OFF-ST-10000649,Office Supplies,Storage
1479,FUR-CH-10004875,Furniture,Chairs
874,FUR-CH-10001270,Furniture,Chairs
1152,OFF-AP-10001394,Office Supplies,Appliances
1279,OFF-AP-10000252,Office Supplies,Appliances
640,OFF-BI-10000014,Office Supplies,Binders
1343,TEC-CO-10000971,Technology,Copiers
621,TEC-CO-10002095,Technology,Copiers
308,TEC-CO-10001449,Technology,Copiers
1757,TEC-MA-10003173,Technology,Machines
1008,TEC-MA-10000010,Technology,Machines
1196,TEC-MA-10003674,Technology,Machines
1429,TEC-MA-10003626,Technology,Machines
1676,TEC-MA-10003246,Technology,Machines
1877,TEC-MA-10002694,Technology,Machines
1862,TEC-MA-10003673,Technology,Machines
1376,OFF-SU-10000151,Office Supplies,Supplies
71,FUR-CH-10000513,Furniture,Chairs
1684,OFF-AP-10002998,Office Supplies,Appliances
950,OFF-AP-10001303,Office Supplies,Appliances
1393,OFF-AP-10002734,Office Supplies,Appliances
1123,OFF-AP-10002082,Office Supplies,Appliances
338,OFF-AP-10000696,Office Supplies,Appliances
673,OFF-AP-10003266,Office Supplies,Appliances
1212,OFF-AP-10004785,Office Supplies,Appliances
15,OFF-AP-10002311,Office Supplies,Appliances
1654,OFF-AP-10004655,Office Supplies,Appliances
55,OFF-ST-10000604,Office Supplies,Storage
301,FUR-CH-10003312,Furniture,Chairs
1031,FUR-TA-10003715,Furniture,Tables
1127,FUR-TA-10004607,Furniture,Tables
1179,FUR-TA-10004175,Furniture,Tables
830,FUR-TA-10004147,Furniture,Tables
286,FUR-CH-10004086,Furniture,Chairs
629,FUR-CH-10003746,Furniture,Chairs
409,FUR-CH-10002331,Furniture,Chairs
1687,FUR-BO-10003546,Furniture,Bookcases
311,FUR-TA-10004575,Furniture,Tables
488,FUR-CH-10002024,Furniture,Chairs
982,FUR-TA-10001676,Furniture,Tables
1245,FUR-TA-10003954,Furniture,Tables
1788,FUR-CH-10001545,Furniture,Chairs
863,FUR-CH-10002126,Furniture,Chairs
2,FUR-CH-10000454,Furniture,Chairs
1443,FUR-CH-10002758,Furniture,Chairs
1737,FUR-CH-10001802,Furniture,Chairs
504,FUR-CH-10004997,Furniture,Chairs
635,FUR-CH-10002335,Furniture,Chairs
1567,FUR-BO-10001608,Furniture,Bookcases
1652,FUR-BO-10000711,Furniture,Bookcases
1553,FUR-BO-10002598,Furniture,Bookcases
1277,FUR-CH-10002084,Furniture,Chairs
380,FUR-CH-10000015,Furniture,Chairs
906,FUR-TA-10004619,Furniture,Tables
1835,FUR-CH-10002073,Furniture,Chairs
1164,FUR-CH-10000988,Furniture,Chairs
1497,FUR-CH-10002320,Furniture,Chairs
344,FUR-TA-10000617,Furniture,Tables
115,FUR-TA-10001768,Furniture,Tables
1353,FUR-TA-10002645,Furniture,Tables
940,FUR-CH-10003846,Furniture,Chairs
1154,OFF-AP-10004233,Office Supplies,Appliances
1357,OFF-AP-10003057,Office Supplies,Appliances
229,OFF-AP-10002945,Office Supplies,Appliances
537,OFF-AP-10000179,Office Supplies,Appliances
1163,OFF-AP-10001005,Office Supplies,Appliances
1842,OFF-AP-10001634,Office Supplies,Appliances
1811,OFF-AP-10001564,Office Supplies,Appliances
1047,OFF-AP-10004868,Office Supplies,Appliances
1858,OFF-AP-10000027,Office Supplies,Appliances
572,OFF-AP-10000804,Office Supplies,Appliances
1119,OFF-AP-10002906,Office Supplies,Appliances
1711,OFF-AP-10004052,Office Supplies,Appliances
854,OFF-AP-10003849,Office Supplies,Appliances
1381,OFF-AP-10002651,Office Supplies,Appliances
972,OFF-AP-10003590,Office Supplies,Appliances
523,OFF-ST-10001490,Office Supplies,Storage
1646,FUR-FU-10001215,Furniture,Furnishings
489,FUR-FU-10003039,Furniture,Furnishings
695,FUR-FU-10000965,Furniture,Furnishings
802,FUR-FU-10004460,Furniture,Furnishings
1668,FUR-FU-10003930,Furniture,Furnishings
269,FUR-FU-10004091,Furniture,Furnishings
598,FUR-FU-10002253,Furniture,Furnishings
574,FUR-FU-10003553,Furniture,Furnishings
29,FUR-FU-10004848,Furniture,Furnishings
444,FUR-FU-10004864,Furniture,Furnishings
1280,FUR-FU-10004748,Furniture,Furnishings
913,FUR-FU-10003535,Furniture,Furnishings
1657,TEC-MA-10001127,Technology,Machines
1632,OFF-PA-10001461,Office Supplies,Paper
1020,OFF-PA-10002464,Office Supplies,Paper
1780,TEC-MA-10002109,Technology,Machines
176,TEC-AC-10002345,Technology,Accessories
1291,TEC-PH-10001051,Technology,Phones
1387,TEC-PH-10000369,Technology,Phones
66,OFF-AR-10002671,Office Supplies,Art
1785,OFF-AR-10004010,Office Supplies,Art
1143,OFF-AR-10000475,Office Supplies,Art
109,OFF-AR-10000380,Office Supplies,Art
731,TEC-AC-10004353,Technology,Accessories
181,TEC-PH-10001552,Technology,Phones
1423,TEC-MA-10002981,Technology,Machines
514,TEC-PH-10003800,Technology,Phones
1033,OFF-BI-10004965,Office Supplies,Binders
1619,OFF-BI-10004318,Office Supplies,Binders
1653,OFF-BI-10001120,Office Supplies,Binders
575,OFF-BI-10004632,Office Supplies,Binders
1520,OFF-BI-10004600,Office Supplies,Binders
272,OFF-BI-10004593,Office Supplies,Binders
680,OFF-BI-10001636,Office Supplies,Binders
1009,OFF-BI-10000977,Office Supplies,Binders
1425,OFF-BI-10002003,Office Supplies,Binders
305,OFF-BI-10001153,Office Supplies,Binders
1801,OFF-BI-10002026,Office Supplies,Binders
92,OFF-BI-10002852,Office Supplies,Binders
1185,OFF-PA-10000241,Office Supplies,Paper
779,OFF-ST-10001526,Office Supplies,Storage
1356,FUR-CH-10002439,Furniture,Chairs
1010,FUR-TA-10002530,Furniture,Tables
133,OFF-FA-10002988,Office Supplies,Fasteners
434,TEC-PH-10001924,Technology,Phones
1030,TEC-PH-10001300,Technology,Phones
1566,TEC-AC-10000990,Technology,Accessories
583,TEC-AC-10002253,Technology,Accessories
466,TEC-AC-10003832,Technology,Accessories
1719,TEC-AC-10004877,Technology,Accessories
543,TEC-AC-10001267,Technology,Accessories
47,TEC-AC-10002167,Technology,Accessories
26,TEC-AC-10003027,Technology,Accessories
1213,TEC-AC-10002217,Technology,Accessories
1316,TEC-AC-10000358,Technology,Accessories
173,TEC-AC-10004659,Technology,Accessories
1591,TEC-AC-10002558,Technology,Accessories
430,TEC-AC-10001445,Technology,Accessories
801,OFF-PA-10001307,Office Supplies,Paper
1145,OFF-PA-10001994,Office Supplies,Paper
824,TEC-PH-10001819,Technology,Phones
1325,OFF-BI-10004141,Office Supplies,Binders
388,OFF-BI-10000773,Office Supplies,Binders
1692,OFF-EN-10003567,Office Supplies,Envelopes
838,TEC-PH-10003589,Technology,Phones
1759,TEC-PH-10002583,Technology,Phones
1810,TEC-PH-10000127,Technology,Phones
1783,OFF-ST-10002182,Office Supplies,Storage
869,OFF-ST-10002352,Office Supplies,Storage
965,OFF-PA-10004041,Office Supplies,Paper
145,TEC-PH-10001254,Technology,Phones
544,TEC-PH-10002103,Technology,Phones
1175,TEC-PH-10002824,Technology,Phones
1222,TEC-PH-10003811,Technology,Phones
1648,TEC-PH-10003215,Technology,Phones
1373,TEC-PH-10001835,Technology,Phones
1086,TEC-PH-10000038,Technology,Phones
162,TEC-PH-10003931,Technology,Phones
1704,TEC-PH-10000193,Technology,Phones
82,OFF-EN-10000927,Office Supplies,Envelopes
1188,OFF-EN-10001749,Office Supplies,Envelopes
735,OFF-BI-10004826,Office Supplies,Binders
729,OFF-AP-10004487,Office Supplies,Appliances
570,OFF-AP-10004532,Office Supplies,Appliances
1297,OFF-AP-10001391,Office Supplies,Appliances
1869,OFF-AP-10004136,Office Supplies,Appliances
166,OFF-AP-10000891,Office Supplies,Appliances
161,OFF-AP-10002518,Office Supplies,Appliances
1491,OFF-AP-10003779,Office Supplies,Appliances
1545,TEC-AC-10000474,Technology,Accessories
1367,TEC-AC-10000682,Technology,Accessories
884,TEC-AC-10001990,Technology,Accessories
654,TEC-AC-10004901,Technology,Accessories
377,TEC-AC-10004114,Technology,Accessories
1565,TEC-AC-10002305,Technology,Accessories
1404,TEC-AC-10001635,Technology,Accessories
1391,TEC-AC-10000387,Technology,Accessories
845,FUR-TA-10004086,Furniture,Tables
987,FUR-TA-10001039,Furniture,Tables
225,FUR-TA-10002607,Furniture,Tables
1054,TEC-AC-10003038,Technology,Accessories
664,TEC-AC-10003441,Technology,Accessories
1766,TEC-AC-10004992,Technology,Accessories
1656,TEC-AC-10000199,Technology,Accessories
120,TEC-PH-10003875,Technology,Phones
1726,OFF-SU-10001212,Office Supplies,Supplies
12,TEC-PH-10002033,Technology,Phones
1824,TEC-MA-10004255,Technology,Machines
590,FUR-TA-10002774,Furniture,Tables
697,OFF-BI-10003719,Office Supplies,Binders
768,OFF-EN-10003862,Office Supplies,Envelopes
964,FUR-CH-10002961,Furniture,Chairs
153,TEC-AC-10003657,Technology,Accessories
971,FUR-TA-10003008,Furniture,Tables
725,FUR-TA-10001520,Furniture,Tables
1532,OFF-EN-10004846,Office Supplies,Envelopes
387,OFF-ST-10003306,Office Supplies,Storage
1745,OFF-ST-10000136,Office Supplies,Storage
1603,OFF-SU-10003002,Office Supplies,Supplies
1240,OFF-ST-10003996,Office Supplies,Storage
1878,TEC-MA-10004626,Technology,Machines
346,TEC-MA-10001681,Technology,Machines
157,TEC-MA-10000822,Technology,Machines
1328,TEC-MA-10000597,Technology,Machines
1032,TEC-MA-10004458,Technology,Machines
48,TEC-PH-10003988,Technology,Phones
481,TEC-PH-10002262,Technology,Phones
1622,TEC-PH-10002789,Technology,Phones
1893,TEC-PH-10002645,Technology,Phones
1630,TEC-PH-10001619,Technology,Phones
641,FUR-CH-10004675,Furniture,Chairs
683,FUR-FU-10003878,Furniture,Furnishings
1825,FUR-FU-10003095,Furniture,Furnishings
703,OFF-BI-10003984,Office Supplies,Binders
248,TEC-AC-10003628,Technology,Accessories
693,TEC-PH-10002923,Technology,Phones
832,TEC-AC-10001013,Technology,Accessories
969,TEC-AC-10004510,Technology,Accessories
1301,TEC-AC-10004145,Technology,Accessories
1100,TEC-AC-10003023,Technology,Accessories
922,TEC-AC-10000580,Technology,Accessories
701,TEC-AC-10002049,Technology,Accessories
1315,TEC-AC-10003095,Technology,Accessories
1621,TEC-AC-10001539,Technology,Accessories
1531,TEC-AC-10000420,Technology,Accessories
1116,TEC-AC-10000736,Technology,Accessories
431,TEC-AC-10002567,Technology,Accessories
412,TEC-AC-10004571,Technology,Accessories
1617,TEC-AC-10004814,Technology,Accessories
101,TEC-AC-10001552,Technology,Accessories
1728,TEC-AC-10004396,Technology,Accessories
437,TEC-AC-10000303,Technology,Accessories
345,TEC-AC-10002335,Technology,Accessories
235,TEC-PH-10001580,Technology,Phones
1026,TEC-AC-10001109,Technology,Accessories
1607,TEC-AC-10001874,Technology,Accessories
267,TEC-AC-10002001,Technology,Accessories
1503,TEC-AC-10004001,Technology,Accessories
297,TEC-AC-10001908,Technology,Accessories
1146,TEC-AC-10002926,Technology,Accessories
596,TEC-AC-10001606,Technology,Accessories
612,TEC-AC-10001383,Technology,Accessories
107,TEC-AC-10000844,Technology,Accessories
609,TEC-AC-10003610,Technology,Accessories
85,TEC-AC-10001998,Technology,Accessories
691,TEC-AC-10001714,Technology,Accessories
219,TEC-AC-10003832,Technology,Accessories
1348,TEC-AC-10002637,Technology,Accessories
1805,TEC-AC-10002647,Technology,Accessories
1769,TEC-AC-10003870,Technology,Accessories
51,FUR-FU-10001706,Furniture,Furnishings
1039,OFF-PA-10001274,Office Supplies,Paper
33,OFF-AR-10001683,Office Supplies,Art
1782,TEC-PH-10001870,Technology,Phones
1771,FUR-FU-10003192,Furniture,Furnishings
64,FUR-FU-10000397,Furniture,Furnishings
749,FUR-FU-10004188,Furniture,Furnishings
222,FUR-FU-10000576,Furniture,Furnishings
581,FUR-FU-10004071,Furniture,Furnishings
1395,TEC-PH-10004833,Technology,Phones
770,FUR-FU-10002885,Furniture,Furnishings
108,FUR-FU-10001934,Furniture,Furnishings
1292,OFF-AR-10000817,Office Supplies,Art
604,OFF-EN-10001141,Office Supplies,Envelopes
470,OFF-SU-10002881,Office Supplies,Supplies
510,OFF-SU-10004498,Office Supplies,Supplies
1237,FUR-FU-10003142,Furniture,Furnishings
539,FUR-FU-10000221,Furniture,Furnishings
1546,FUR-FU-10002963,Furniture,Furnishings
1705,FUR-FU-10002111,Furniture,Furnishings
1037,FUR-FU-10002456,Furniture,Furnishings
565,FUR-FU-10003096,Furniture,Furnishings
1450,TEC-AC-10003433,Technology,Accessories
795,TEC-AC-10004761,Technology,Accessories
727,TEC-AC-10002473,Technology,Accessories
1445,TEC-AC-10003709,Technology,Accessories
1382,TEC-AC-10002550,Technology,Accessories
925,TEC-AC-10000023,Technology,Accessories
1627,TEC-AC-10002331,Technology,Accessories
1870,TEC-AC-10002370,Technology,Accessories
684,TEC-AC-10000710,Technology,Accessories
1590,TEC-AC-10004859,Technology,Accessories
723,TEC-AC-10004666,Technology,Accessories
1141,TEC-AC-10004568,Technology,Accessories
1673,OFF-BI-10000216,Office Supplies,Binders
1147,TEC-PH-10004897,Technology,Phones
958,OFF-PA-10000466,Office Supplies,Paper
1645,TEC-AC-10001553,Technology,Accessories
1584,TEC-AC-10002550,Technology,Accessories
924,TEC-AC-10004209,Technology,Accessories
945,TEC-AC-10003116,Technology,Accessories
1108,TEC-AC-10002006,Technology,Accessories
1327,TEC-AC-10004864,Technology,Accessories
1679,TEC-AC-10003237,Technology,Accessories
199,TEC-AC-10001266,Technology,Accessories
407,TEC-AC-10001772,Technology,Accessories
1857,TEC-AC-10004518,Technology,Accessories
1107,TEC-AC-10003133,Technology,Accessories
1541,TEC-AC-10003399,Technology,Accessories
104,TEC-AC-10003499,Technology,Accessories
1266,OFF-PA-10003883,Office Supplies,Paper
738,OFF-PA-10000350,Office Supplies,Paper
1559,OFF-PA-10000174,Office Supplies,Paper
1285,FUR-CH-10000553,Furniture,Chairs
1082,TEC-AC-10003063,Technology,Accessories
1628,TEC-AC-10001090,Technology,Accessories
815,TEC-AC-10003447,Technology,Accessories
261,TEC-AC-10001956,Technology,Accessories
638,TEC-AC-10000057,Technology,Accessories
335,TEC-AC-10002076,Technology,Accessories
242,TEC-AC-10004469,Technology,Accessories
1238,TEC-AC-10001114,Technology,Accessories
538,OFF-ST-10001272,Office Supplies,Storage
8,TEC-PH-10002275,Technology,Phones
911,TEC-PH-10004165,Technology,Phones
1259,OFF-ST-10003638,Office Supplies,Storage
652,OFF-AR-10001897,Office Supplies,Art
521,TEC-PH-10001425,Technology,Phones
1267,TEC-PH-10002807,Technology,Phones
1543,TEC-PH-10001128,Technology,Phones
465,TEC-PH-10003555,Technology,Phones
1840,TEC-PH-10004094,Technology,Phones
526,TEC-PH-10003092,Technology,Phones
1205,TEC-PH-10002483,Technology,Phones
1089,OFF-PA-10004359,Office Supplies,Paper
1702,OFF-EN-10004206,Office Supplies,Envelopes
1167,OFF-ST-10000464,Office Supplies,Storage
1041,OFF-ST-10000344,Office Supplies,Storage
1841,TEC-MA-10002790,Technology,Machines
333,TEC-AC-10003911,Technology,Accessories
295,TEC-AC-10000892,Technology,Accessories
1860,TEC-AC-10000926,Technology,Accessories
67,TEC-PH-10002726,Technology,Phones
1073,OFF-AR-10000823,Office Supplies,Art
1257,OFF-AR-10004272,Office Supplies,Art
1186,OFF-AR-10001446,Office Supplies,Art
1586,OFF-AR-10004269,Office Supplies,Art
1049,OFF-AR-10001315,Office Supplies,Art
149,OFF-AR-10001547,Office Supplies,Art
517,OFF-AR-10004078,Office Supplies,Art
1372,OFF-AR-10001473,Office Supplies,Art
313,OFF-AR-10000122,Office Supplies,Art
887,OFF-AR-10004999,Office Supplies,Art
1689,OFF-AR-10003217,Office Supplies,Art
458,OFF-AR-10001246,Office Supplies,Art
22,OFF-AR-10000246,Office Supplies,Art
1051,OFF-AR-10001955,Office Supplies,Art
655,OFF-AR-10003190,Office Supplies,Art
1015,OFF-AR-10000634,Office Supplies,Art
1221,OFF-AR-10000127,Office Supplies,Art
7,OFF-AR-10002833,Office Supplies,Art
1670,OFF-AR-10001972,Office Supplies,Art
334,OFF-AR-10000658,Office Supplies,Art
1034,OFF-AR-10001419,Office Supplies,Art
831,OFF-AR-10001545,Office Supplies,Art
457,OFF-AR-10003811,Office Supplies,Art
816,OFF-AR-10000255,Office Supplies,Art
974,OFF-AR-10000896,Office Supplies,Art
1272,OFF-AR-10004956,Office Supplies,Art
252,OFF-AR-10001427,Office Supplies,Art
569,OFF-AR-10001954,Office Supplies,Art
506,OFF-AR-10003394,Office Supplies,Art
326,OFF-AR-10003732,Office Supplies,Art
1178,OFF-AR-10002067,Office Supplies,Art
677,OFF-AR-10002578,Office Supplies,Art
793,OFF-AR-10000203,Office Supplies,Art
692,OFF-AR-10003958,Office Supplies,Art
1658,OFF-AR-10001227,Office Supplies,Art
1498,OFF-AR-10001216,Office Supplies,Art
1522,OFF-AR-10001615,Office Supplies,Art
1017,OFF-AR-10003770,Office Supplies,Art
19,OFF-AR-10003056,Office Supplies,Art
404,OFF-AR-10004974,Office Supplies,Art
136,OFF-AR-10000940,Office Supplies,Art
452,OFF-AR-10003856,Office Supplies,Art
400,OFF-AR-10000588,Office Supplies,Art
833,OFF-AR-10002255,Office Supplies,Art
1056,OFF-AR-10003504,Office Supplies,Art
1637,OFF-AR-10003481,Office Supplies,Art
1252,OFF-AR-10001177,Office Supplies,Art
959,OFF-AR-10003829,Office Supplies,Art
281,OFF-AR-10003651,Office Supplies,Art
843,OFF-AR-10002375,Office Supplies,Art
1214,OFF-BI-10002954,Office Supplies,Binders
106,OFF-AR-10000390,Office Supplies,Art
1879,TEC-PH-10004241,Technology,Phones
175,TEC-PH-10004896,Technology,Phones
1463,TEC-PH-10004389,Technology,Phones
1286,OFF-AR-10003469,Office Supplies,Art
194,TEC-PH-10001918,Technology,Phones
350,TEC-PH-10003012,Technology,Phones
1384,TEC-PH-10002555,Technology,Phones
710,TEC-PH-10002660,Technology,Phones
1236,FUR-CH-10003833,Furniture,Chairs
370,FUR-CH-10003956,Furniture,Chairs
84,FUR-CH-10000863,Furniture,Chairs
57,FUR-CH-10003968,Furniture,Chairs
1322,FUR-FU-10002501,Furniture,Furnishings
1833,FUR-FU-10002240,Furniture,Furnishings
1115,FUR-FU-10002088,Furniture,Furnishings
619,FUR-FU-10003577,Furniture,Furnishings
1708,FUR-FU-10003424,Furniture,Furnishings
337,FUR-TA-10004915,Furniture,Tables
755,OFF-ST-10001097,Office Supplies,Storage
909,FUR-CH-10001708,Furniture,Chairs
643,FUR-CH-10003199,Furniture,Chairs
1776,FUR-CH-10002044,Furniture,Chairs
1612,FUR-CH-10003298,Furniture,Chairs
1716,FUR-CH-10000749,Furniture,Chairs
397,FUR-CH-10002372,Furniture,Chairs
546,FUR-CH-10001482,Furniture,Chairs
1605,FUR-CH-10004983,Furniture,Chairs
1142,FUR-CH-10001854,Furniture,Chairs
1886,FUR-CH-10002780,Furniture,Chairs
1748,FUR-CH-10004626,Furniture,Chairs
921,FUR-CH-10001973,Furniture,Chairs
876,OFF-AR-10001919,Office Supplies,Art
296,OFF-FA-10000624,Office Supplies,Fasteners
312,OFF-FA-10000490,Office Supplies,Fasteners
205,OFF-FA-10000585,Office Supplies,Fasteners
111,OFF-FA-10000621,Office Supplies,Fasteners
1556,FUR-FU-10000320,Furniture,Furnishings
1734,OFF-FA-10000840,Office Supplies,Fasteners
1804,TEC-MA-10003176,Technology,Machines
1881,TEC-MA-10003337,Technology,Machines
1512,TEC-MA-10001972,Technology,Machines
1830,TEC-MA-10003230,Technology,Machines
1851,TEC-MA-10001856,Technology,Machines
1577,TEC-MA-10001148,Technology,Machines
1865,TEC-MA-10000984,Technology,Machines
1574,TEC-PH-10003484,Technology,Phones
201,FUR-BO-10004695,Furniture,Bookcases
1206,FUR-BO-10000468,Furniture,Bookcases
678,FUR-BO-10001519,Furniture,Bookcases
369,FUR-BO-10001972,Furniture,Bookcases
1660,FUR-BO-10002853,Furniture,Bookcases
1685,FUR-BO-10004690,Furniture,Bookcases
610,FUR-BO-10001619,Furniture,Bookcases
1230,FUR-BO-10003034,Furniture,Bookcases
433,FUR-BO-10001337,Furniture,Bookcases
1390,FUR-BO-10004357,Furniture,Bookcases
593,FUR-BO-10003272,Furniture,Bookcases
1114,FUR-BO-10003965,Furniture,Bookcases
1349,FUR-BO-10000780,Furniture,Bookcases
728,TEC-PH-10004531,Technology,Phones
778,TEC-PH-10004188,Technology,Phones
1005,TEC-PH-10004348,Technology,Phones
1003,TEC-PH-10002564,Technology,Phones
169,FUR-CH-10004698,Furniture,Chairs
1784,TEC-PH-10001468,Technology,Phones
988,OFF-AR-10002240,Office Supplies,Art
949,OFF-AR-10002818,Office Supplies,Art
1273,OFF-AR-10003696,Office Supplies,Art
923,OFF-AR-10004022,Office Supplies,Art
1074,OFF-AR-10004456,Office Supplies,Art
1816,TEC-PH-10004006,Technology,Phones
1351,TEC-MA-10000112,Technology,Machines
1402,TEC-MA-10003356,Technology,Machines
975,TEC-PH-10002310,Technology,Phones
1198,TEC-PH-10001809,Technology,Phones
1720,TEC-PH-10001305,Technology,Phones
1378,TEC-PH-10000675,Technology,Phones
1517,TEC-PH-10004908,Technology,Phones
196,TEC-PH-10001700,Technology,Phones
474,TEC-PH-10000984,Technology,Phones
1350,TEC-PH-10003072,Technology,Phones
41,TEC-PH-10004093,Technology,Phones
1665,OFF-EN-10004007,Office Supplies,Envelopes
1057,OFF-EN-10003160,Office Supplies,Envelopes
1582,TEC-PH-10004071,Technology,Phones
783,OFF-EN-10003072,Office Supplies,Envelopes
1753,OFF-EN-10003448,Office Supplies,Envelopes
1790,OFF-EN-10002592,Office Supplies,Envelopes
878,OFF-BI-10004656,Office Supplies,Binders
1078,OFF-AR-10001915,Office Supplies,Art
917,OFF-AR-10000422,Office Supplies,Art
1888,TEC-MA-10003493,Technology,Machines
920,OFF-BI-10002854,Office Supplies,Binders
1502,TEC-AC-10000397,Technology,Accessories
1209,OFF-ST-10001505,Office Supplies,Storage
715,OFF-LA-10001045,Office Supplies,Labels
1649,OFF-LA-10002945,Office Supplies,Labels
501,OFF-PA-10004530,Office Supplies,Paper
453,OFF-ST-10001228,Office Supplies,Storage
179,OFF-ST-10001328,Office Supplies,Storage
608,OFF-ST-10004634,Office Supplies,Storage
992,OFF-PA-10000501,Office Supplies,Paper
330,OFF-ST-10002406,Office Supplies,Storage
810,TEC-PH-10002115,Technology,Phones
1244,TEC-AC-10002800,Technology,Accessories
999,TEC-AC-10004975,Technology,Accessories
1400,TEC-PH-10002310,Technology,Phones
141,TEC-PH-10000215,Technology,Phones
1247,TEC-PH-10002468,Technology,Phones
771,TEC-AC-10003033,Technology,Accessories
1539,TEC-PH-10003171,Technology,Phones
40,TEC-PH-10000486,Technology,Phones
1314,TEC-PH-10001527,Technology,Phones
625,TEC-AC-10003174,Technology,Accessories
1083,TEC-AC-10002049,Technology,Accessories
1854,TEC-MA-10004086,Technology,Machines
1437,TEC-PH-10000673,Technology,Phones
767,TEC-PH-10001530,Technology,Phones
59,OFF-BI-10001460,Office Supplies,Binders
1447,OFF-ST-10004835,Office Supplies,Storage
1228,OFF-FA-10004395,Office Supplies,Fasteners
1736,TEC-PH-10004875,Technology,Phones
415,OFF-BI-10000315,Office Supplies,Binders
30,OFF-EN-10001509,Office Supplies,Envelopes
1523,TEC-PH-10001299,Technology,Phones
722,TEC-PH-10001494,Technology,Phones
953,TEC-PH-10002549,Technology,Phones
1283,TEC-PH-10001079,Technology,Phones
1258,TEC-PH-10001578,Technology,Phones
1561,TEC-PH-10002415,Technology,Phones
1160,TEC-PH-10000895,Technology,Phones
769,OFF-ST-10004258,Office Supplies,Storage
1786,OFF-ST-10003572,Office Supplies,Storage
253,OFF-PA-10000673,Office Supplies,Paper
865,TEC-PH-10004700,Technology,Phones
428,OFF-AR-10003045,Office Supplies,Art
1071,OFF-AR-10003251,Office Supplies,Art
1650,OFF-AR-10002766,Office Supplies,Art
60,OFF-AR-10001868,Office Supplies,Art
264,OFF-SU-10000646,Office Supplies,Supplies
416,OFF-SU-10003505,Office Supplies,Supplies
476,OFF-BI-10002429,Office Supplies,Binders
547,OFF-BI-10001989,Office Supplies,Binders
1587,OFF-BI-10003007,Office Supplies,Binders
80,OFF-AR-10002053,Office Supplies,Art
187,OFF-BI-10000343,Office Supplies,Binders
970,OFF-BI-10000042,Office Supplies,Binders
888,OFF-BI-10001031,Office Supplies,Binders
1192,OFF-BI-10001757,Office Supplies,Binders
250,OFF-BI-10002557,Office Supplies,Binders
530,OFF-BI-10002949,Office Supplies,Binders
1598,OFF-AR-10002987,Office Supplies,Art
775,OFF-ST-10003722,Office Supplies,Storage
224,TEC-PH-10000011,Technology,Phones
670,TEC-PH-10001557,Technology,Phones
1065,TEC-PH-10004830,Technology,Phones
1261,OFF-EN-10003040,Office Supplies,Envelopes
797,OFF-AR-10001130,Office Supplies,Art
243,OFF-AR-10003602,Office Supplies,Art
1102,TEC-PH-10002185,Technology,Phones
1352,TEC-AC-10004171,Technology,Accessories
663,TEC-AC-10002402,Technology,Accessories
657,TEC-AC-10001838,Technology,Accessories
1777,TEC-PH-10001795,Technology,Phones
1635,TEC-PH-10003535,Technology,Phones
1890,TEC-PH-10002817,Technology,Phones
1797,TEC-PH-10003174,Technology,Phones
1097,TEC-PH-10004922,Technology,Phones
601,OFF-ST-10000036,Office Supplies,Storage
425,OFF-PA-10001509,Office Supplies,Paper
533,OFF-BI-10002824,Office Supplies,Binders
582,OFF-ST-10002444,Office Supplies,Storage
837,OFF-EN-10003798,Office Supplies,Envelopes
246,OFF-EN-10004386,Office Supplies,Envelopes
1345,OFF-BI-10002437,Office Supplies,Binders
512,OFF-BI-10002764,Office Supplies,Binders
1290,OFF-ST-10003692,Office Supplies,Storage
1136,OFF-ST-10000877,Office Supplies,Storage
1319,OFF-PA-10000380,Office Supplies,Paper
954,OFF-PA-10004911,Office Supplies,Paper
507,OFF-PA-10001450,Office Supplies,Paper
1113,OFF-PA-10004405,Office Supplies,Paper
834,OFF-PA-10001892,Office Supplies,Paper
112,OFF-EN-10002600,Office Supplies,Envelopes
249,FUR-FU-10003274,Furniture,Furnishings
978,OFF-FA-10000053,Office Supplies,Fasteners
1827,TEC-MA-10002930,Technology,Machines
1631,OFF-PA-10000246,Office Supplies,Paper
744,FUR-TA-10004154,Furniture,Tables
1694,FUR-TA-10004442,Furniture,Tables
27,FUR-BO-10004834,Furniture,Bookcases
212,OFF-ST-10002485,Office Supplies,Storage
451,OFF-AR-10001662,Office Supplies,Art
1043,OFF-ST-10000419,Office Supplies,Storage
1796,OFF-ST-10000636,Office Supplies,Storage
1581,TEC-AC-10002134,Technology,Accessories
257,OFF-BI-10004967,Office Supplies,Binders
302,OFF-LA-10001074,Office Supplies,Labels
733,OFF-PA-10002195,Office Supplies,Paper
1038,OFF-FA-10004968,Office Supplies,Fasteners
1334,FUR-FU-10002298,Furniture,Furnishings
1550,FUR-BO-10002916,Furniture,Bookcases
1655,FUR-BO-10004360,Furniture,Bookcases
236,TEC-AC-10000290,Technology,Accessories
159,FUR-CH-10004287,Furniture,Chairs
421,OFF-ST-10002743,Office Supplies,Storage
1484,FUR-CH-10001797,Furniture,Chairs
245,OFF-ST-10004180,Office Supplies,Storage
861,OFF-ST-10004337,Office Supplies,Storage
951,OFF-ST-10002574,Office Supplies,Storage
472,FUR-CH-10000595,Furniture,Chairs
1180,FUR-TA-10004767,Furniture,Tables
1611,FUR-CH-10003606,Furniture,Chairs
237,OFF-ST-10002790,Office Supplies,Storage
83,OFF-ST-10003656,Office Supplies,Storage
73,OFF-ST-10004123,Office Supplies,Storage
1371,OFF-ST-10001837,Office Supplies,Storage
1409,FUR-CH-10002017,Furniture,Chairs
1778,FUR-TA-10001086,Furniture,Tables
1121,FUR-TA-10001307,Furniture,Tables
227,OFF-ST-10002276,Office Supplies,Storage
637,FUR-BO-10004409,Furniture,Bookcases
1666,FUR-BO-10003894,Furniture,Bookcases
976,OFF-ST-10002289,Office Supplies,Storage
1749,TEC-PH-10000562,Technology,Phones
1481,TEC-PH-10001459,Technology,Phones
891,TEC-PH-10002200,Technology,Phones
423,TEC-PH-10002680,Technology,Phones
760,TEC-PH-10000560,Technology,Phones
1747,TEC-PH-10002584,Technology,Phones
1604,TEC-PH-10000730,Technology,Phones
1158,TEC-PH-10002624,Technology,Phones
1535,TEC-PH-10003095,Technology,Phones
903,TEC-PH-10003442,Technology,Phones
994,TEC-PH-10001750,Technology,Phones
1718,TEC-AC-10001542,Technology,Accessories
456,TEC-AC-10002399,Technology,Accessories
1722,TEC-AC-10000487,Technology,Accessories
482,TEC-AC-10001465,Technology,Accessories
1442,TEC-AC-10004127,Technology,Accessories
1441,TEC-AC-10004227,Technology,Accessories
178,TEC-AC-10002323,Technology,Accessories
98,TEC-AC-10001767,Technology,Accessories
902,OFF-AR-10003903,Office Supplies,Art
132,OFF-AR-10001149,Office Supplies,Art
171,OFF-AR-10001940,Office Supplies,Art
1265,OFF-AR-10004511,Office Supplies,Art
1735,OFF-AR-10001231,Office Supplies,Art
160,OFF-AR-10002656,Office Supplies,Art
896,OFF-AR-10001022,Office Supplies,Art
1686,OFF-AR-10002445,Office Supplies,Art
910,OFF-AR-10000462,Office Supplies,Art
732,OFF-AR-10001468,Office Supplies,Art
210,OFF-AR-10001026,Office Supplies,Art
497,OFF-AP-10003914,Office Supplies,Appliances
877,TEC-PH-10003655,Technology,Phones
139,OFF-AP-10001058,Office Supplies,Appliances
1770,OFF-AP-10000275,Office Supplies,Appliances
1326,OFF-BI-10000632,Office Supplies,Binders
319,FUR-BO-10002268,Furniture,Bookcases
1130,FUR-BO-10000330,Furniture,Bookcases
1132,FUR-BO-10003159,Furniture,Bookcases
1714,FUR-BO-10003893,Furniture,Bookcases
936,FUR-BO-10003433,Furniture,Bookcases
1117,FUR-BO-10003966,Furniture,Bookcases
886,OFF-ST-10002292,Office Supplies,Storage
1173,FUR-BO-10001918,Furniture,Bookcases
1365,FUR-BO-10002213,Furniture,Bookcases
1067,FUR-BO-10000362,Furniture,Bookcases
422,FUR-BO-10001601,Furniture,Bookcases
667,OFF-EN-10004459,Office Supplies,Envelopes
1698,TEC-PH-10000213,Technology,Phones
3,OFF-LA-10000240,Office Supplies,Labels
1885,OFF-LA-10004677,Office Supplies,Labels
367,OFF-LA-10003766,Office Supplies,Labels
659,OFF-BI-10003094,Office Supplies,Binders
1053,OFF-ST-10001370,Office Supplies,Storage
1618,OFF-SU-10002301,Office Supplies,Supplies
944,FUR-FU-10004960,Furniture,Furnishings
91,FUR-FU-10003799,Furniture,Furnishings
1157,FUR-FU-10002878,Furniture,Furnishings
140,FUR-FU-10000521,Furniture,Furnishings
602,FUR-FU-10000222,Furniture,Furnishings
1513,FUR-FU-10003464,Furniture,Furnishings
1599,TEC-CO-10001571,Technology,Copiers
363,TEC-CO-10004115,Technology,Copiers
857,TEC-PH-10000307,Technology,Phones
991,TEC-PH-10002922,Technology,Phones
76,OFF-ST-10000615,Office Supplies,Storage
479,FUR-CH-10002647,Furniture,Chairs
1190,TEC-PH-10004924,Technology,Phones
1493,OFF-BI-10002799,Office Supplies,Binders
1738,TEC-PH-10003356,Technology,Phones
1085,OFF-ST-10002011,Office Supplies,Storage
1573,OFF-LA-10001982,Office Supplies,Labels
647,OFF-LA-10002271,Office Supplies,Labels
68,OFF-PA-10000482,Office Supplies,Paper
1875,OFF-PA-10001001,Office Supplies,Paper
1803,TEC-MA-10001031,Technology,Machines
558,TEC-AC-10001101,Technology,Accessories
343,TEC-AC-10004708,Technology,Accessories
359,TEC-AC-10000158,Technology,Accessories
1889,TEC-AC-10002380,Technology,Accessories
203,TEC-AC-10000109,Technology,Accessories
1808,TEC-AC-10004803,Technology,Accessories
440,TEC-AC-10000991,Technology,Accessories
81,OFF-ST-10002370,Office Supplies,Storage
699,OFF-PA-10003591,Office Supplies,Paper
571,OFF-PA-10002137,Office Supplies,Paper
146,OFF-PA-10001950,Office Supplies,Paper
790,OFF-PA-10000955,Office Supplies,Paper
189,OFF-PA-10002666,Office Supplies,Paper
1701,OFF-PA-10004353,Office Supplies,Paper
1232,OFF-PA-10000533,Office Supplies,Paper
341,OFF-PA-10004734,Office Supplies,Paper
562,OFF-ST-10001511,Office Supplies,Storage
158,OFF-ST-10000991,Office Supplies,Storage
1852,OFF-ST-10003641,Office Supplies,Storage
105,TEC-PH-10002844,Technology,Phones
1563,OFF-PA-10004996,Office Supplies,Paper
1271,TEC-PH-10001536,Technology,Phones
1331,OFF-BI-10001553,Office Supplies,Binders
1066,OFF-PA-10004519,Office Supplies,Paper
436,TEC-PH-10000376,Technology,Phones
314,TEC-PH-10000702,Technology,Phones
342,OFF-BI-10002225,Office Supplies,Binders
1410,FUR-FU-10003829,Furniture,Furnishings
1084,FUR-FU-10004415,Furniture,Furnishings
1488,FUR-FU-10000550,Furniture,Furnishings
1765,OFF-PA-10003022,Office Supplies,Paper
740,OFF-ST-10001496,Office Supplies,Storage
209,OFF-AR-10001958,Office Supplies,Art
825,OFF-AR-10002952,Office Supplies,Art
154,OFF-EN-10001990,Office Supplies,Envelopes
410,OFF-EN-10001415,Office Supplies,Envelopes
712,OFF-EN-10001099,Office Supplies,Envelopes
844,OFF-EN-10001539,Office Supplies,Envelopes
1050,OFF-EN-10003134,Office Supplies,Envelopes
1181,OFF-EN-10002621,Office Supplies,Envelopes
1471,OFF-EN-10003286,Office Supplies,Envelopes
1525,OFF-EN-10004773,Office Supplies,Envelopes
1634,OFF-EN-10001028,Office Supplies,Envelopes
362,OFF-AP-10004249,Office Supplies,Appliances
1309,OFF-AP-10002222,Office Supplies,Appliances
1672,OFF-AP-10001366,Office Supplies,Appliances
689,OFF-ST-10003221,Office Supplies,Storage
1201,OFF-ST-10002562,Office Supplies,Storage
329,OFF-SU-10001225,Office Supplies,Supplies
487,OFF-SU-10001935,Office Supplies,Supplies
1464,OFF-SU-10000946,Office Supplies,Supplies
223,FUR-FU-10004351,Furniture,Furnishings
746,FUR-FU-10001940,Furniture,Furnishings
873,OFF-LA-10004425,Office Supplies,Labels
129,OFF-FA-10002780,Office Supplies,Fasteners
467,OFF-FA-10002815,Office Supplies,Fasteners
555,OFF-FA-10003112,Office Supplies,Fasteners
836,OFF-FA-10003495,Office Supplies,Fasteners
855,OFF-FA-10000735,Office Supplies,Fasteners
1024,OFF-FA-10003021,Office Supplies,Fasteners
1110,OFF-FA-10001843,Office Supplies,Fasteners
1239,OFF-FA-10002975,Office Supplies,Fasteners
1344,OFF-FA-10001229,Office Supplies,Fasteners
1740,OFF-FA-10003485,Office Supplies,Fasteners
780,OFF-AR-10001166,Office Supplies,Art
794,OFF-AR-10004790,Office Supplies,Art
908,OFF-AR-10002280,Office Supplies,Art
1170,OFF-AR-10003631,Office Supplies,Art
1341,OFF-AR-10003087,Office Supplies,Art
1578,OFF-AR-10004062,Office Supplies,Art
1853,OFF-AR-10004707,Office Supplies,Art
1873,TEC-MA-10004552,Technology,Machines
853,TEC-MA-10004241,Technology,Machines
1104,TEC-MA-10004679,Technology,Machines
848,OFF-ST-10001476,Office Supplies,Storage
475,OFF-ST-10001325,Office Supplies,Storage
1527,OFF-ST-10002957,Office Supplies,Storage
1868,OFF-FA-10000254,Office Supplies,Fasteners
1533,OFF-SU-10003567,Office Supplies,Supplies
808,OFF-FA-10001754,Office Supplies,Fasteners
852,OFF-FA-10001561,Office Supplies,Fasteners
307,OFF-BI-10001922,Office Supplies,Binders
1000,OFF-BI-10004364,Office Supplies,Binders
16,OFF-BI-10000756,Office Supplies,Binders
449,OFF-BI-10000831,Office Supplies,Binders
442,OFF-EN-10001434,Office Supplies,Envelopes
1511,OFF-PA-10001471,Office Supplies,Paper
997,OFF-PA-10003673,Office Supplies,Paper
1844,OFF-AR-10003896,Office Supplies,Art
17,OFF-ST-10004186,Office Supplies,Storage
809,OFF-FA-10004838,Office Supplies,Fasteners
357,OFF-ST-10001580,Office Supplies,Storage
1007,OFF-BI-10000666,Office Supplies,Binders
208,TEC-MA-10001148,Technology,Machines
1575,OFF-PA-10000007,Office Supplies,Paper
70,OFF-PA-10004675,Office Supplies,Paper
298,FUR-FU-10001967,Furniture,Furnishings
589,FUR-FU-10003394,Furniture,Furnishings
1070,FUR-FU-10001488,Furniture,Furnishings
1318,FUR-FU-10001468,Furniture,Furnishings
1794,FUR-FU-10000747,Furniture,Furnishings
1474,FUR-FU-10002116,Furniture,Furnishings
1847,FUR-FU-10003806,Furniture,Furnishings
473,FUR-FU-10000448,Furniture,Furnishings
1547,FUR-FU-10000193,Furniture,Furnishings
218,FUR-FU-10004017,Furniture,Furnishings
172,OFF-ST-10003455,Office Supplies,Storage
1554,OFF-ST-10004950,Office Supplies,Storage
148,OFF-ST-10001590,Office Supplies,Storage
1046,OFF-ST-10001291,Office Supplies,Storage
1560,FUR-FU-10002703,Furniture,Furnishings
72,FUR-FU-10003708,Furniture,Furnishings
1480,FUR-FU-10000305,Furniture,Furnishings
491,OFF-ST-10001780,Office Supplies,Storage
1255,OFF-ST-10000078,Office Supplies,Storage
1534,OFF-ST-10002301,Office Supplies,Storage
914,OFF-ST-10003716,Office Supplies,Storage
1177,OFF-ST-10002554,Office Supplies,Storage
195,OFF-ST-10000642,Office Supplies,Storage
1233,OFF-ST-10001172,Office Supplies,Storage
542,OFF-ST-10001963,Office Supplies,Storage
462,OFF-ST-10004459,Office Supplies,Storage
1379,OFF-ST-10003470,Office Supplies,Storage
275,OFF-ST-10002756,Office Supplies,Storage
1856,FUR-FU-10002506,Furniture,Furnishings
1826,FUR-FU-10000820,Furniture,Furnishings
952,FUR-FU-10004018,Furniture,Furnishings
1834,FUR-FU-10001057,Furniture,Furnishings
1732,TEC-MA-10000752,Technology,Machines
1764,TEC-MA-10000423,Technology,Machines
713,OFF-PA-10002250,Office Supplies,Paper
1616,OFF-PA-10004733,Office Supplies,Paper
1699,OFF-PA-10000807,Office Supplies,Paper
1614,OFF-PA-10000069,Office Supplies,Paper
1324,OFF-PA-10000659,Office Supplies,Paper
599,OFF-PA-10004092,Office Supplies,Paper
1821,OFF-PA-10001260,Office Supplies,Paper
1411,OFF-PA-10000697,Office Supplies,Paper
1169,OFF-PA-10003129,Office Supplies,Paper
1139,OFF-PA-10001609,Office Supplies,Paper
880,TEC-PH-10004447,Technology,Phones
1250,OFF-FA-10004076,Office Supplies,Fasteners
124,OFF-ST-10002974,Office Supplies,Storage
1124,TEC-AC-10003590,Technology,Accessories
95,OFF-BI-10001721,Office Supplies,Binders
1320,OFF-AP-10000026,Office Supplies,Appliances
559,OFF-AP-10002439,Office Supplies,Appliances
548,OFF-AP-10003287,Office Supplies,Appliances
310,OFF-BI-10003314,Office Supplies,Binders
353,OFF-BI-10004492,Office Supplies,Binders
88,OFF-AR-10004930,Office Supplies,Art
849,OFF-EN-10002831,Office Supplies,Envelopes
114,OFF-EN-10002504,Office Supplies,Envelopes
1725,OFF-EN-10001453,Office Supplies,Envelopes
233,OFF-EN-10003296,Office Supplies,Envelopes
1813,FUR-FU-10002874,Furniture,Furnishings
1641,FUR-FU-10003798,Furniture,Furnishings
1183,FUR-FU-10001889,Furniture,Furnishings
883,FUR-FU-10002268,Furniture,Furnishings
773,OFF-BI-10002049,Office Supplies,Binders
100,OFF-PA-10004040,Office Supplies,Paper
1509,OFF-BI-10001267,Office Supplies,Binders
748,OFF-PA-10002333,Office Supplies,Paper
1772,OFF-PA-10000859,Office Supplies,Paper
1077,TEC-AC-10004855,Technology,Accessories
1487,OFF-BI-10004654,Office Supplies,Binders
545,TEC-AC-10002857,Technology,Accessories
573,TEC-AC-10003614,Technology,Accessories
44,TEC-AC-10000171,Technology,Accessories
61,TEC-AC-10004633,Technology,Accessories
1602,TEC-AC-10000521,Technology,Accessories
273,OFF-FA-10004854,Office Supplies,Fasteners
446,OFF-BI-10001670,Office Supplies,Binders
1793,TEC-MA-10003329,Technology,Machines
1506,TEC-PH-10000526,Technology,Phones
1076,TEC-PH-10000441,Technology,Phones
762,TEC-MA-10003066,Technology,Machines
1317,OFF-EN-10004147,Office Supplies,Envelopes
1643,TEC-AC-10002942,Technology,Accessories
1211,TEC-AC-10002842,Technology,Accessories
1023,TEC-AC-10000865,Technology,Accessories
912,FUR-FU-10003724,Furniture,Furnishings
937,FUR-FU-10002554,Furniture,Furnishings
378,FUR-FU-10004712,Furniture,Furnishings
1087,OFF-PA-10002689,Office Supplies,Paper
206,OFF-PA-10004000,Office Supplies,Paper
471,OFF-EN-10001335,Office Supplies,Envelopes
977,OFF-PA-10001289,Office Supplies,Paper
450,OFF-PA-10000357,Office Supplies,Paper
376,OFF-EN-10000483,Office Supplies,Envelopes
1122,OFF-PA-10001457,Office Supplies,Paper
1299,TEC-PH-10001944,Technology,Phones
1129,TEC-PH-10001817,Technology,Phones
328,OFF-BI-10002412,Office Supplies,Binders
1096,OFF-BI-10001116,Office Supplies,Binders
960,OFF-BI-10001758,Office Supplies,Binders
25,OFF-BI-10001634,Office Supplies,Binders
352,OFF-BI-10003982,Office Supplies,Binders
1478,OFF-BI-10000174,Office Supplies,Binders
306,OFF-BI-10001982,Office Supplies,Binders
1275,OFF-BI-10004506,Office Supplies,Binders
1006,OFF-BI-10004352,Office Supplies,Binders
757,OFF-BI-10002012,Office Supplies,Binders
1171,OFF-BI-10002133,Office Supplies,Binders
1526,OFF-BI-10001787,Office Supplies,Binders
714,OFF-BI-10004716,Office Supplies,Binders
21,OFF-BI-10002215,Office Supplies,Binders
1012,OFF-BI-10001765,Office Supplies,Binders
1521,OFF-BI-10004040,Office Supplies,Binders
155,OFF-BI-10004002,Office Supplies,Binders
45,OFF-BI-10003291,Office Supplies,Binders
807,OFF-BI-10001597,Office Supplies,Binders
721,OFF-BI-10003684,Office Supplies,Binders
889,OFF-BI-10002432,Office Supplies,Binders
1004,OFF-BI-10004876,Office Supplies,Binders
549,OFF-BI-10004728,Office Supplies,Binders
915,TEC-PH-10004586,Technology,Phones
1427,OFF-PA-10002246,Office Supplies,Paper
364,OFF-PA-10003724,Office Supplies,Paper
734,OFF-PA-10001745,Office Supplies,Paper
188,OFF-PA-10002749,Office Supplies,Paper
1466,OFF-PA-10000791,Office Supplies,Paper
1080,OFF-PA-10000575,Office Supplies,Paper
1300,OFF-PA-10001776,Office Supplies,Paper
231,OFF-PA-10004569,Office Supplies,Paper
1828,OFF-PA-10003205,Office Supplies,Paper
366,OFF-PA-10002893,Office Supplies,Paper
1823,OFF-PA-10002109,Office Supplies,Paper
875,TEC-PH-10004539,Technology,Phones
386,OFF-ST-10000617,Office Supplies,Storage
483,TEC-PH-10002597,Technology,Phones
758,OFF-PA-10004156,Office Supplies,Paper
131,OFF-PA-10001736,Office Supplies,Paper
316,OFF-PA-10001970,Office Supplies,Paper
1583,OFF-PA-10004039,Office Supplies,Paper
147,OFF-PA-10002254,Office Supplies,Paper
687,OFF-PA-10001019,Office Supplies,Paper
1434,OFF-PA-10001815,Office Supplies,Paper
1062,OFF-PA-10001357,Office Supplies,Paper
646,OFF-PA-10000176,Office Supplies,Paper
1256,OFF-PA-10000357,Office Supplies,Paper
524,OFF-PA-10002120,Office Supplies,Paper
986,OFF-PA-10000418,Office Supplies,Paper
1647,OFF-PA-10002499,Office Supplies,Paper
1195,OFF-PA-10001878,Office Supplies,Paper
1697,OFF-PA-10001725,Office Supplies,Paper
1544,OFF-PA-10001033,Office Supplies,Paper
516,OFF-PA-10004101,Office Supplies,Paper
1374,OFF-PA-10002245,Office Supplies,Paper
850,OFF-PA-10001763,Office Supplies,Paper
391,OFF-PA-10002230,Office Supplies,Paper
486,OFF-PA-10002986,Office Supplies,Paper
1861,OFF-PA-10001846,Office Supplies,Paper
1721,OFF-PA-10000483,Office Supplies,Paper
1696,OFF-PA-10004948,Office Supplies,Paper
1555,OFF-PA-10004610,Office Supplies,Paper
1068,OFF-PA-10000308,Office Supplies,Paper
1799,OFF-PA-10001952,Office Supplies,Paper
1347,OFF-PA-10001184,Office Supplies,Paper
839,OFF-PA-10004735,Office Supplies,Paper
1763,OFF-PA-10003302,Office Supplies,Paper
1515,OFF-PA-10004438,Office Supplies,Paper
368,OFF-PA-10001970,Office Supplies,Paper
963,OFF-PA-10003641,Office Supplies,Paper
371,OFF-PA-10000157,Office Supplies,Paper
700,OFF-PA-10001790,Office Supplies,Paper
138,OFF-PA-10004327,Office Supplies,Paper
426,OFF-PA-10003465,Office Supplies,Paper
164,OFF-PA-10001144,Office Supplies,Paper
1798,OFF-PA-10001497,Office Supplies,Paper
929,OFF-PA-10000994,Office Supplies,Paper
128,OFF-PA-10002377,Office Supplies,Paper
1717,OFF-PA-10003228,Office Supplies,Paper
1330,OFF-PA-10000919,Office Supplies,Paper
1138,OFF-PA-10000675,Office Supplies,Paper
1019,OFF-PA-10002262,Office Supplies,Paper
152,OFF-PA-10002751,Office Supplies,Paper
113,OFF-PA-10004965,Office Supplies,Paper
1234,OFF-PA-10001661,Office Supplies,Paper
717,OFF-PA-10002947,Office Supplies,Paper
882,OFF-PA-10000682,Office Supplies,Paper
1101,OFF-PA-10000167,Office Supplies,Paper
1329,OFF-PA-10002960,Office Supplies,Paper
636,OFF-PA-10003657,Office Supplies,Paper
1638,OFF-PA-10002606,Office Supplies,Paper
1149,OFF-PA-10000595,Office Supplies,Paper
1809,OFF-PA-10001801,Office Supplies,Paper
331,OFF-PA-10002036,Office Supplies,Paper
718,OFF-PA-10000019,Office Supplies,Paper
1729,OFF-PA-10001166,Office Supplies,Paper
1663,OFF-PA-10001363,Office Supplies,Paper
973,OFF-PA-10000806,Office Supplies,Paper
786,OFF-PA-10003656,Office Supplies,Paper
1818,OFF-PA-10000300,Office Supplies,Paper
1712,OFF-PA-10003134,Office Supplies,Paper
1859,OFF-PA-10002558,Office Supplies,Paper
276,OFF-PA-10004243,Office Supplies,Paper
1507,OFF-PA-10001977,Office Supplies,Paper
1093,OFF-PA-10004475,Office Supplies,Paper
662,OFF-PA-10003395,Office Supplies,Paper
1458,OFF-PA-10002923,Office Supplies,Paper
63,OFF-PA-10003892,Office Supplies,Paper
1432,OFF-PA-10002319,Office Supplies,Paper
846,OFF-PA-10000100,Office Supplies,Paper
1014,OFF-PA-10001293,Office Supplies,Paper
1807,OFF-PA-10001593,Office Supplies,Paper
1001,OFF-PA-10001712,Office Supplies,Paper
1060,OFF-PA-10001526,Office Supplies,Paper
130,OFF-PA-10001804,Office Supplies,Paper
827,OFF-PA-10000605,Office Supplies,Paper
1338,OFF-PA-10002581,Office Supplies,Paper
1242,OFF-PA-10000477,Office Supplies,Paper
1453,OFF-PA-10004239,Office Supplies,Paper
1456,OFF-PA-10003270,Office Supplies,Paper
1874,OFF-PA-10000312,Office Supplies,Paper
1707,OFF-PA-10002709,Office Supplies,Paper
221,OFF-PA-10003349,Office Supplies,Paper
355,OFF-PA-10002552,Office Supplies,Paper
1296,OFF-PA-10004285,Office Supplies,Paper
615,OFF-PA-10004971,Office Supplies,Paper
336,OFF-PA-10003039,Office Supplies,Paper
1128,OFF-PA-10003893,Office Supplies,Paper
1768,OFF-PA-10001215,Office Supplies,Paper
606,OFF-PA-10001954,Office Supplies,Paper
1310,OFF-PA-10003971,Office Supplies,Paper
1588,OFF-PA-10002195,Office Supplies,Paper
13,OFF-PA-10002365,Office Supplies,Paper
658,OFF-PA-10003651,Office Supplies,Paper
1467,OFF-PA-10003739,Office Supplies,Paper
1029,OFF-PA-10003823,Office Supplies,Paper
1035,OFF-PA-10002586,Office Supplies,Paper
1470,OFF-PA-10000327,Office Supplies,Paper
528,OFF-PA-10001204,Office Supplies,Paper
934,OFF-PA-10002968,Office Supplies,Paper
360,OFF-PA-10001947,Office Supplies,Paper
1669,OFF-PA-10000232,Office Supplies,Paper
1843,OFF-PA-10001837,Office Supplies,Paper
584,OFF-PA-10000743,Office Supplies,Paper
1226,OFF-PA-10002160,Office Supplies,Paper
765,OFF-PA-10003625,Office Supplies,Paper
1483,OFF-PA-10000213,Office Supplies,Paper
1510,OFF-PA-10002741,Office Supplies,Paper
1168,OFF-PA-10000528,Office Supplies,Paper
1276,OFF-PA-10000740,Office Supplies,Paper
1846,OFF-PA-10001243,Office Supplies,Paper
1303,OFF-PA-10002001,Office Supplies,Paper
730,OFF-PA-10003543,Office Supplies,Paper
1094,OFF-PA-10003001,Office Supplies,Paper
374,OFF-PA-10003845,Office Supplies,Paper
1040,OFF-PA-10001125,Office Supplies,Paper
1302,OFF-PA-10003919,Office Supplies,Paper
1022,OFF-PA-10000130,Office Supplies,Paper
1662,OFF-PA-10004248,Office Supplies,Paper
1287,OFF-PA-10003790,Office Supplies,Paper
1693,OFF-PA-10003022,Office Supplies,Paper
553,OFF-PA-10001934,Office Supplies,Paper
1321,OFF-PA-10003936,Office Supplies,Paper
89,OFF-PA-10000304,Office Supplies,Paper
868,OFF-PA-10003172,Office Supplies,Paper
1485,OFF-PA-10003848,Office Supplies,Paper
1162,OFF-PA-10003729,Office Supplies,Paper
90,OFF-PA-10003177,Office Supplies,Paper
785,OFF-PA-10001166,Office Supplies,Paper
1779,OFF-PA-10000048,Office Supplies,Paper
1576,OFF-PA-10000552,Office Supplies,Paper
1415,OFF-PA-10000223,Office Supplies,Paper
1460,OFF-PA-10000520,Office Supplies,Paper
686,OFF-PA-10001870,Office Supplies,Paper
998,OFF-PA-10001639,Office Supplies,Paper
1564,OFF-PA-10003363,Office Supplies,Paper
182,OFF-PA-10000061,Office Supplies,Paper
1156,OFF-PA-10000809,Office Supplies,Paper
1802,OFF-PA-10001826,Office Supplies,Paper
1678,OFF-PA-10000556,Office Supplies,Paper
1752,OFF-PA-10003797,Office Supplies,Paper
291,OFF-PA-10001937,Office Supplies,Paper
745,OFF-PA-10000788,Office Supplies,Paper
1176,OFF-PA-10003309,Office Supplies,Paper
753,OFF-PA-10004621,Office Supplies,Paper
736,OFF-PA-10000289,Office Supplies,Paper
1204,OFF-PA-10001972,Office Supplies,Paper
1433,OFF-PA-10001246,Office Supplies,Paper
262,OFF-PA-10004100,Office Supplies,Paper
984,OFF-PA-10004888,Office Supplies,Paper
650,OFF-PA-10003953,Office Supplies,Paper
1346,OFF-PA-10004255,Office Supplies,Paper
1298,OFF-PA-10000477,Office Supplies,Paper
591,OFF-PA-10001800,Office Supplies,Paper
1538,OFF-PA-10004609,Office Supplies,Paper
503,OFF-PA-10004451,Office Supplies,Paper
274,OFF-PA-10002105,Office Supplies,Paper
822,OFF-PA-10000029,Office Supplies,Paper
515,OFF-PA-10002005,Office Supplies,Paper
495,OFF-PA-10003441,Office Supplies,Paper
1304,OFF-PA-10002787,Office Supplies,Paper
1454,OFF-PA-10004782,Office Supplies,Paper
1831,OFF-PA-10000295,Office Supplies,Paper
1363,OFF-PA-10004983,Office Supplies,Paper
1504,OFF-PA-10001534,Office Supplies,Paper
1125,OFF-PA-10004355,Office Supplies,Paper
56,OFF-PA-10001569,Office Supplies,Paper
220,OFF-PA-10002479,Office Supplies,Paper
1882,OFF-PA-10000210,Office Supplies,Paper
396,OFF-PA-10002222,Office Supplies,Paper
240,TEC-MA-10003353,Technology,Machines
1806,TEC-PH-10002114,Technology,Phones
1021,OFF-ST-10002214,Office Supplies,Storage
916,OFF-BI-10004236,Office Supplies,Binders
464,OFF-BI-10000285,Office Supplies,Binders
1855,TEC-MA-10001695,Technology,Machines
674,TEC-MA-10004002,Technology,Machines
492,OFF-AR-10003560,Office Supplies,Art
1744,TEC-MA-10000045,Technology,Machines
750,OFF-BI-10000145,Office Supplies,Binders
